Square_meters,Commissions %,Street,Link,District,Floor,Price_per_month,Author,All_floors,How_many_rooms
62,50,  Sibgata Hakima,https://kazan.cian.ru/rent/flat/244424052/,Novo-Savinovskij,12,30000,ID 305100,18,2
75,50,  Dostoevskogo,https://kazan.cian.ru/rent/flat/243318735/,Vahitovskij,5,30000,ID 305100,12,2
186,50,  Sibgata Hakima,https://kazan.cian.ru/rent/flat/237818882/,Novo-Savinovskij,9,100000,ID 305100,16,4
110,50, Tovarischeskaja ,https://kazan.cian.ru/rent/flat/236848944/,Vahitovskij,5,50000,ID 305100,9,3
220,50,  Tolstogo,https://kazan.cian.ru/rent/flat/243010354/,Vahitovskij,9,130000,ID 305100,12,4
100,50, Chistopol'skaja ,https://kazan.cian.ru/rent/flat/244453665/,Novo-Savinovskij,8,35000,ID 305100,9,3
65,50, Bol'shaja Krasnaja ,https://kazan.cian.ru/rent/flat/246525819/,Vahitovskij,2,30000,ID 305100,5,2
33,50, Meridiannaja ,https://kazan.cian.ru/rent/flat/247533940/,Novo-Savinovskij,5,15000,Tat'jana Kazanskaja,10,1
85,50, Peterburgskaja ,https://kazan.cian.ru/rent/flat/247820412/,Vahitovskij,15,70000,ID 305100,20,3
180,50,  Karla Fuksa,https://kazan.cian.ru/rent/flat/246866292/,Vahitovskij,3,100000,ID 305100,4,4
45,50, Tverskaja ,https://kazan.cian.ru/rent/flat/246498965/,Moskovskij,2,14000,Tandem-Nedvizhimost',5,2
45,50,  Kosmonavtov,https://kazan.cian.ru/rent/flat/248016326/,Sovetskij,4,18000,Tandem-Nedvizhimost',5,2
45,50,  Kosmonavtov,https://kazan.cian.ru/rent/flat/248016327/,Sovetskij,4,18000,Tandem-Nedvizhimost',5,2
33,0,  Shamilja Usmanova,https://kazan.cian.ru/rent/flat/248016324/,Moskovskij,5,16000,Tandem-Nedvizhimost',5,1
37,50,  Safiullina,https://kazan.cian.ru/rent/flat/247758605/,Privolzhskij,4,15000,RamazanNa rynke s 2009 g.,9,1
27,50,  Dement'eva,https://kazan.cian.ru/rent/flat/248016325/,Aviastroitel'nyj,7,13000,Tandem-Nedvizhimost',9,1
32,50,  Vorovskogo,https://kazan.cian.ru/rent/flat/247376670/,Novo-Savinovskij,4,11000,ID 13111077,5,1
34,49, Professora Kamaja ,https://kazan.cian.ru/rent/flat/247220609/,Privolzhskij,13,19999,ID 15636838,19,1
37,50,  Juliusa Fuchika,https://kazan.cian.ru/rent/flat/246853411/,Privolzhskij,8,16000,Tsentral'noe agentstvo nedvizhimosti,9,1
45,49,  Vishnevskogo,https://kazan.cian.ru/rent/flat/247627348/,Vahitovskij,8,24999,ID 15636838,8,1
45,50,  Baki Urmanche,https://kazan.cian.ru/rent/flat/246671937/,Privolzhskij,6,18500,Tsentral'noe agentstvo nedvizhimosti,10,1
35,50, Shossejnaja ,https://kazan.cian.ru/rent/flat/247515273/,Kirovskij,1,13000,Tsentral'noe agentstvo nedvizhimosti,5,1
100,50,  Vosstanija,https://kazan.cian.ru/rent/flat/248015175/,Moskovskij,5,15000,ID 28840355,10,3
65,49,  Dostoevskogo,https://kazan.cian.ru/rent/flat/247815002/,Vahitovskij,7,24999,ID 15636838,12,2
65,50,  Nailja Jusupova,https://kazan.cian.ru/rent/flat/242636710/,Kirovskij,7,12000,Ramazan,18,2
55,50, Peterburgskaja ,https://kazan.cian.ru/rent/flat/231666975/,Vahitovskij,6,45000,Stanislav Novikov,23,2
82,50,  Ajrata Arslanova,https://kazan.cian.ru/rent/flat/248015400/,Kirovskij,5,13000,ID 28840355,18,3
65,50, Karagandinskaja ,https://kazan.cian.ru/rent/flat/248016588/,Aviastroitel'nyj,5,30000,ID 28840355,9,3
62,50, Chistopol'skaja ,https://kazan.cian.ru/rent/flat/220713684/,Novo-Savinovskij,2,45000,ID 13259610,6,2
25,0, Enisejskaja ,https://kazan.cian.ru/rent/flat/228471346/,Moskovskij,2,13000,ID 10967599,3,1
62,50,  Shamilja Usmanova,https://kazan.cian.ru/rent/flat/243064785/,Moskovskij,2,20000,Stanislav Novikov,5,3
80,50,  Dubravnaja,https://kazan.cian.ru/rent/flat/247886731/,Privolzhskij,10,20000,Stanislav Novikov,17,2
120,0,  Tatarstan,https://kazan.cian.ru/rent/flat/244929971/,Vahitovskij,7,80000,Stanislav Novikov,7,3
82,40,  Tansyk,https://kazan.cian.ru/rent/flat/248044877/,Kirovskij,12,23000,ID 28840355,18,3
72,0,  Nigmatullina,https://kazan.cian.ru/rent/flat/247907569/,Novo-Savinovskij,10,25000,ID 4193548,12,2
42,50,  2-ja Staro-Arakchinskaja,https://kazan.cian.ru/rent/flat/246722612/,Kirovskij,3,18000,ID 14443648,6,1
40,50,  Kajuma Nasyri,https://kazan.cian.ru/rent/flat/248072651/,Vahitovskij,1,15000,ID 11194009,3,1
42,50,  Fatyha Karima,https://kazan.cian.ru/rent/flat/247816728/,Vahitovskij,2,25000,ID 46855213,6,1
60,50,  Chetaeva,https://kazan.cian.ru/rent/flat/246802999/,Novo-Savinovskij,5,22000,TsN1,10,2
40,50,  Musina,https://kazan.cian.ru/rent/flat/246845789/,Novo-Savinovskij,7,15000,ID 40289207,9,1
45,50, Jutazinskaja ,https://kazan.cian.ru/rent/flat/246591101/,Moskovskij,5,17000,TsN1,9,2
47,50,  Komarova,https://kazan.cian.ru/rent/flat/246809882/,Sovetskij,2,25000,TsN1,5,2
46,50,  Olega Koshevogo,https://kazan.cian.ru/rent/flat/247945557/,Aviastroitel'nyj,1,18000,TsN1,5,2
37,50, prospekt Jamasheva,https://kazan.cian.ru/rent/flat/247909295/,Novo-Savinovskij,9,18000,TsN1,10,1
30,50,  Adelja Kutuja,https://kazan.cian.ru/rent/flat/247756992/,Sovetskij,2,14000,ID 14443648,5,1
60,50,  Mozhajskogo,https://kazan.cian.ru/rent/flat/245053183/,Kirovskij,1,17000,ID 14443648,5,3
36,50, prospekt Pobedy,https://kazan.cian.ru/rent/flat/247903407/,Privolzhskij,3,11000,ID 14443648,14,1
36,50, Volgogradskaja ,https://kazan.cian.ru/rent/flat/246141194/,Moskovskij,1,16000,ID 14443648,5,1
38,30,  Pavljuhina,https://kazan.cian.ru/rent/flat/244964488/,Privolzhskij,2,11000,Denis Gubko,19,1
39,30,  Nikolaja Ershova,https://kazan.cian.ru/rent/flat/243431215/,Sovetskij,7,12000,Julija Bil'danova,10,1
45,30,  Kurashova,https://kazan.cian.ru/rent/flat/245183854/,Vahitovskij,6,12000,Julija Bil'danova,10,1
39,30,  Razvedchika Ahmerova,https://kazan.cian.ru/rent/flat/246043901/,Sovetskij,5,11000,Julija Bil'danova,10,1
40,30, Meridiannaja ,https://kazan.cian.ru/rent/flat/246443705/,Novo-Savinovskij,4,12000,Julija Bil'danova,8,1
35,30,  2-ja Jugo-Zapadnaja,https://kazan.cian.ru/rent/flat/244325225/,Moskovskij,3,10000,Julija Bil'danova,5,1
37,30, prospekt Jamasheva,https://kazan.cian.ru/rent/flat/245032723/,Novo-Savinovskij,5,11000,Dmitrij Mokeev,10,1
37,30, Chistopol'skaja ,https://kazan.cian.ru/rent/flat/245817205/,Novo-Savinovskij,9,11000,Julija Bil'danova,26,1
42,30, prospekt Pobedy,https://kazan.cian.ru/rent/flat/247626412/,Privolzhskij,7,12000,Julija Bil'danova,19,1
20,30,  Mazita Gafuri,https://kazan.cian.ru/rent/flat/243217390/,Vahitovskij,5,10000,Julija Bil'danova,9,1
25,30, Meridiannaja ,https://kazan.cian.ru/rent/flat/245526600/,Novo-Savinovskij,1,9000,Julija Bil'danova,10,1
19,30,  Marshala Chujkova,https://kazan.cian.ru/rent/flat/243794310/,Novo-Savinovskij,2,10000,Dmitrij Mokeev,9,1
20,30,  Absaljamova,https://kazan.cian.ru/rent/flat/243723137/,Novo-Savinovskij,1,10000,Julija Bil'danova,10,1
39,30,  Mullanura Vahitova,https://kazan.cian.ru/rent/flat/244869567/,Kirovskij,3,11000,Denis Gubko,6,1
62,0,  Chetaeva,https://kazan.cian.ru/rent/flat/245326703/,Novo-Savinovskij,2,14000,Julija Bil'danova,5,2
39,30, Minskaja ,https://kazan.cian.ru/rent/flat/245972798/,Sovetskij,8,11000,Julija Bil'danova,17,1
22,30,  Energetikov,https://kazan.cian.ru/rent/flat/247625872/,Moskovskij,3,8000,Julija Bil'danova,5,1
40,30, Meridiannaja ,https://kazan.cian.ru/rent/flat/245726128/,Novo-Savinovskij,6,13000,Julija Bil'danova,12,1
38,30, prospekt Jamasheva,https://kazan.cian.ru/rent/flat/246857640/,Novo-Savinovskij,4,11000,Julija Bil'danova,10,1
39,30,  Sibgata Hakima,https://kazan.cian.ru/rent/flat/243649593/,Novo-Savinovskij,7,12000,Julija Bil'danova,18,1
27,30,  Hadi Taktasha,https://kazan.cian.ru/rent/flat/246856358/,Privolzhskij,8,11000,Julija Bil'danova,18,1
23,30,  Musina,https://kazan.cian.ru/rent/flat/244869203/,Novo-Savinovskij,5,10000,Denis Gubko,12,1
38,30,  Razvedchika Ahmerova,https://kazan.cian.ru/rent/flat/245109593/,Sovetskij,6,11000,Julija Bil'danova,10,1
41,30, Chistopol'skaja ,https://kazan.cian.ru/rent/flat/245525654/,Novo-Savinovskij,7,11000,Julija Bil'danova,15,1
37,30, Meridiannaja ,https://kazan.cian.ru/rent/flat/245658047/,Novo-Savinovskij,7,11000,Denis Gubko,16,1
44,30,  Adoratskogo,https://kazan.cian.ru/rent/flat/245257826/,Novo-Savinovskij,8,12000,Julija Bil'danova,19,1
37,30,  Nigmatullina,https://kazan.cian.ru/rent/flat/243139212/,Novo-Savinovskij,8,12000,Julija Bil'danova,12,1
34,30, Spartakovskaja ,https://kazan.cian.ru/rent/flat/246575468/,Privolzhskij,2,10000,Julija Bil'danova,5,1
42,50,  Nailja Jusupova,https://kazan.cian.ru/rent/flat/227734902/,Kirovskij,4,9000,Ruslan Galiev,19,1
18,30,  Nursultana Nazarbaeva,https://kazan.cian.ru/rent/flat/247438303/,Vahitovskij,3,8000,Julija Bil'danova,9,1
33,30,  Karla Marksa,https://kazan.cian.ru/rent/flat/244814155/,Vahitovskij,2,11000,Julija Bil'danova,4,1
29,50, Delovaja ,https://kazan.cian.ru/rent/flat/243288331/,Kirovskij,1,10000,Tretij Rim,4,1
56,30,  Kachalova,https://kazan.cian.ru/rent/flat/246119440/,Privolzhskij,8,14000,Julija Bil'danova,15,2
37,30, Chistopol'skaja ,https://kazan.cian.ru/rent/flat/246782051/,Novo-Savinovskij,6,11000,Dmitrij Mokeev,9,1
30,50,  Mazita Gafuri,https://kazan.cian.ru/rent/flat/243159695/,Vahitovskij,4,14000,Tretij Rim,5,1
35,30, Chistopol'skaja ,https://kazan.cian.ru/rent/flat/244324905/,Moskovskij,4,11000,Julija Bil'danova,9,1
38,30,  Husaina Mavljutova,https://kazan.cian.ru/rent/flat/247078393/,Privolzhskij,7,11000,Dmitrij Mokeev,10,1
36,30,  Vishnevskogo,https://kazan.cian.ru/rent/flat/244964685/,Vahitovskij,4,11000,Denis Gubko,10,1
37,50,  Dostoevskogo,https://kazan.cian.ru/rent/flat/243009434/,Vahitovskij,5,14000,Tretij Rim,6,1
18,30,  Sedova,https://kazan.cian.ru/rent/flat/247438595/,Sovetskij,2,8000,Julija Bil'danova,5,1
35,30,  Tatarstan,https://kazan.cian.ru/rent/flat/247626055/,Vahitovskij,3,10000,Julija Bil'danova,9,1
33,30,  Korolenko,https://kazan.cian.ru/rent/flat/243894506/,Novo-Savinovskij,2,10000,Dmitrij Mokeev,5,1
32,30,  Lejtenanta Shmidta,https://kazan.cian.ru/rent/flat/247746101/,Vahitovskij,2,10000,Julija Bil'danova,5,1
32,30,  Akademika Gubkina,https://kazan.cian.ru/rent/flat/243361048/,Sovetskij,3,11000,Julija Bil'danova,5,1
34,30,  Voshod,https://kazan.cian.ru/rent/flat/247625993/,Moskovskij,3,11000,Julija Bil'danova,5,1
34,30,  Volkova,https://kazan.cian.ru/rent/flat/245470128/,Vahitovskij,3,10000,Dmitrij Mokeev,5,1
33,30,  Nursultana Nazarbaeva,https://kazan.cian.ru/rent/flat/246781904/,Vahitovskij,2,10000,Dmitrij Mokeev,5,1
36,30,  Nikolaja Ershova,https://kazan.cian.ru/rent/flat/244252072/,Vahitovskij,3,10000,Julija Bil'danova,10,1
37,30,  Butlerova,https://kazan.cian.ru/rent/flat/243137740/,Vahitovskij,3,11000,Julija Bil'danova,5,1
38,30,  Sibgata Hakima,https://kazan.cian.ru/rent/flat/245971845/,Novo-Savinovskij,3,11000,Denis Gubko,6,1
38,30,  Sibgata Hakima,https://kazan.cian.ru/rent/flat/245658916/,Novo-Savinovskij,2,11000,Julija Bil'danova,9,1
38,50, Zalesnaja ,https://kazan.cian.ru/rent/flat/245552306/,Kirovskij,5,9000,HAWAII,5,1
30,30,  Akademika Lavrent'eva,https://kazan.cian.ru/rent/flat/243216950/,Novo-Savinovskij,7,11000,Julija Bil'danova,16,1
38,30, Daurskaja ,https://kazan.cian.ru/rent/flat/245816244/,Sovetskij,7,11000,Julija Bil'danova,10,1
28,30, Protochnaja ,https://kazan.cian.ru/rent/flat/243651418/,Kirovskij,4,11000,Julija Bil'danova,17,1
27,30, prospekt Jamasheva,https://kazan.cian.ru/rent/flat/247144752/,Novo-Savinovskij,6,11000,Julija Bil'danova,17,1
35,50,  Nurihana Fattaha,https://kazan.cian.ru/rent/flat/245119193/,Kirovskij,7,9500,HAWAII,18,1
34,50, Malaja Krasnaja ,https://kazan.cian.ru/rent/flat/243229500/,Vahitovskij,8,12000,Tretij Rim,9,1
41,30, Sibirskij trakt,https://kazan.cian.ru/rent/flat/246781701/,Sovetskij,8,12000,Dmitrij Mokeev,20,1
54,30,  Fatyha Amirhana,https://kazan.cian.ru/rent/flat/245183471/,Novo-Savinovskij,5,13000,Julija Bil'danova,10,2
35,0,  Karbysheva,https://kazan.cian.ru/rent/flat/243729262/,Sovetskij,7,14000,Tretij Rim,9,1
34,30,  Hadi Taktasha,https://kazan.cian.ru/rent/flat/244405693/,Vahitovskij,3,11000,Julija Bil'danova,5,1
39,30,  Bondarenko,https://kazan.cian.ru/rent/flat/247688944/,Novo-Savinovskij,9,11000,Julija Bil'danova,18,1
47,50,  Pushkina,https://kazan.cian.ru/rent/flat/243159707/,Vahitovskij,5,14000,Tretij Rim,6,2
47,50,  Pushkina,https://kazan.cian.ru/rent/flat/243159707/,Vahitovskij,5,14000,Tretij Rim,6,2
34,30,  Adoratskogo,https://kazan.cian.ru/rent/flat/245413356/,Novo-Savinovskij,3,9000,Denis Gubko,10,1
22,30, Botanicheskaja ,https://kazan.cian.ru/rent/flat/244594184/,Privolzhskij,3,9000,Julija Bil'danova,5,1
30,30,  Absaljamova,https://kazan.cian.ru/rent/flat/245032385/,Novo-Savinovskij,1,10000,Dmitrij Mokeev,10,1
38,30,  Bondarenko,https://kazan.cian.ru/rent/flat/245255891/,Novo-Savinovskij,6,11000,Julija Bil'danova,9,1
39,30,  Bondarenko,https://kazan.cian.ru/rent/flat/243955946/,Moskovskij,5,12000,Dmitrij Mokeev,10,1
42,30,  Nigmatullina,https://kazan.cian.ru/rent/flat/245659130/,Novo-Savinovskij,7,12000,Julija Bil'danova,12,1
36,30, Chistopol'skaja ,https://kazan.cian.ru/rent/flat/245110421/,Moskovskij,5,11000,Julija Bil'danova,9,1
34,30,  Vosstanija,https://kazan.cian.ru/rent/flat/245111378/,Moskovskij,3,10000,Julija Bil'danova,5,1
20,30,  Nursultana Nazarbaeva,https://kazan.cian.ru/rent/flat/245658179/,Vahitovskij,2,9000,Denis Gubko,9,1
19,30,  Marshala Chujkova,https://kazan.cian.ru/rent/flat/247437450/,Novo-Savinovskij,3,8000,Julija Bil'danova,9,1
32,30, Sibirskij trakt,https://kazan.cian.ru/rent/flat/245035300/,Sovetskij,3,9000,Julija Bil'danova,5,1
25,50,  Adelja Kutuja,https://kazan.cian.ru/rent/flat/228330535/,Sovetskij,3,10000,ID 48684137,5,1
28,50,  Riharda Zorge,https://kazan.cian.ru/rent/flat/246129528/,Sovetskij,3,10000,ID 11085747,5,1
36,30,  Adelja Kutuja,https://kazan.cian.ru/rent/flat/247503959/,Sovetskij,3,10000,Dmitrij Mokeev,9,1
24,50,  Dezhneva,https://kazan.cian.ru/rent/flat/222558038/,Kirovskij,3,9000,ID 16413953,5,1
36,50, Krasnokokshajskaja ,https://kazan.cian.ru/rent/flat/237222879/,Kirovskij,3,10000,ID 48684137,5,1
29,50,  Duslyk,https://kazan.cian.ru/rent/flat/245035990/,Sovetskij,3,10000,Poisk,7,1
19,50, Molodezhnaja ,https://kazan.cian.ru/rent/flat/210128089/,Aviastroitel'nyj,3,9000,ID 16413953,5,1
42,30,  Adoratskogo,https://kazan.cian.ru/rent/flat/247565051/,Novo-Savinovskij,3,12000,Denis Gubko,16,1
40,30,  Adoratskogo,https://kazan.cian.ru/rent/flat/243894090/,Novo-Savinovskij,3,12000,Dmitrij Mokeev,14,1
37,0,  Azata Abbasova,https://kazan.cian.ru/rent/flat/243674670/,Sovetskij,2,12000,Tretij Rim,10,1
25,50, Lomzhinskaja ,https://kazan.cian.ru/rent/flat/244341461/,Sovetskij,1,10000,ID 19482669,9,1
30,50,  Akademika Glushko,https://kazan.cian.ru/rent/flat/245006000/,Sovetskij,2,10000,Oleg Kir'janov,9,1
36,30,  Fatyha Amirhana,https://kazan.cian.ru/rent/flat/247216015/,Novo-Savinovskij,3,10000,Julija Bil'danova,9,1
13,50, Gvardejskaja ,https://kazan.cian.ru/rent/flat/245911223/,Sovetskij,2,10000,Marat Burganov,5,1
36,30,  Marselja Salimzhanova,https://kazan.cian.ru/rent/flat/245726166/,Vahitovskij,4,10000,Julija Bil'danova,9,1
40,30, Meridiannaja ,https://kazan.cian.ru/rent/flat/244869817/,Novo-Savinovskij,3,12000,Denis Gubko,6,1
35,30, prospekt Jamasheva,https://kazan.cian.ru/rent/flat/245034418/,Novo-Savinovskij,4,10000,Julija Bil'danova,10,1
36,30,  Musina,https://kazan.cian.ru/rent/flat/243435649/,Novo-Savinovskij,6,10000,Julija Bil'danova,10,1
36,30, prospekt Pobedy,https://kazan.cian.ru/rent/flat/247215283/,Sovetskij,6,10000,Julija Bil'danova,10,1
36,30,  Dekabristov,https://kazan.cian.ru/rent/flat/243649262/,Moskovskij,5,10000,Julija Bil'danova,9,1
36,30,  Kosmonavtov,https://kazan.cian.ru/rent/flat/245526423/,Sovetskij,5,10000,Julija Bil'danova,10,1
36,30,  Fatyha Amirhana,https://kazan.cian.ru/rent/flat/243794688/,Novo-Savinovskij,4,10000,Dmitrij Mokeev,9,1
38,30, prospekt Jamasheva,https://kazan.cian.ru/rent/flat/245973015/,Novo-Savinovskij,5,11000,Julija Bil'danova,10,1
39,30,  Adoratskogo,https://kazan.cian.ru/rent/flat/244807917/,Novo-Savinovskij,10,11000,Julija Bil'danova,19,1
36,30,  Gavrilova,https://kazan.cian.ru/rent/flat/244324313/,Novo-Savinovskij,5,11000,Julija Bil'danova,9,1
37,30, Chistopol'skaja ,https://kazan.cian.ru/rent/flat/247438962/,Moskovskij,4,11000,Julija Bil'danova,9,1
38,30,  Nikolaja Ershova,https://kazan.cian.ru/rent/flat/247437872/,Sovetskij,4,11000,Julija Bil'danova,10,1
38,30, prospekt Jamasheva,https://kazan.cian.ru/rent/flat/245257268/,Novo-Savinovskij,9,11000,Julija Bil'danova,18,1
40,30,  Amet'evskaja magistral',https://kazan.cian.ru/rent/flat/244963879/,Sovetskij,5,11000,Denis Gubko,10,1
38,30, prospekt Al'berta Kamaleeva,https://kazan.cian.ru/rent/flat/245726038/,Sovetskij,7,11000,Julija Bil'danova,18,1
52,30,  Riharda Zorge,https://kazan.cian.ru/rent/flat/246858030/,Privolzhskij,5,12000,Julija Bil'danova,9,2
25,50,  Adelja Kutuja,https://kazan.cian.ru/rent/flat/245896168/,Sovetskij,4,10000,HAWAII,5,1
54,30,  Nikolaja Ershova,https://kazan.cian.ru/rent/flat/245527061/,Vahitovskij,6,12000,Julija Bil'danova,10,2
46,30,  Vosstanija,https://kazan.cian.ru/rent/flat/245181639/,Moskovskij,4,12000,Denis Gubko,7,2
37,0,  Chetaeva,https://kazan.cian.ru/rent/flat/246152680/,Novo-Savinovskij,5,13000,Tretij Rim,10,1
58,30,  Akademika Gubkina,https://kazan.cian.ru/rent/flat/243431625/,Sovetskij,5,13000,Julija Bil'danova,10,2
68,30, Meridiannaja ,https://kazan.cian.ru/rent/flat/243894798/,Novo-Savinovskij,4,14000,Dmitrij Mokeev,6,2
33,50,  Haleva,https://kazan.cian.ru/rent/flat/207919879/,Privolzhskij,4,12000,ID 16413953,5,1
68,30,  Akademika Lavrent'eva,https://kazan.cian.ru/rent/flat/244195652/,Novo-Savinovskij,5,14000,Julija Bil'danova,9,2
56,30, Lenskaja ,https://kazan.cian.ru/rent/flat/245256195/,Moskovskij,4,14000,Julija Bil'danova,10,2
31,100,  Tatarstan,https://kazan.cian.ru/rent/flat/247170218/,Vahitovskij,4,15000,Las Vegas,5,1
72,30,  Adoratskogo,https://kazan.cian.ru/rent/flat/245033598/,Novo-Savinovskij,6,14000,Dmitrij Mokeev,9,2
37,30,  Bondarenko,https://kazan.cian.ru/rent/flat/246575651/,Moskovskij,4,11000,Julija Bil'danova,9,1
39,30,  Absaljamova,https://kazan.cian.ru/rent/flat/244251769/,Novo-Savinovskij,9,12000,Julija Bil'danova,20,1
39,30,  Absaljamova,https://kazan.cian.ru/rent/flat/244251769/,Novo-Savinovskij,9,12000,Julija Bil'danova,20,1
38,30, Chistopol'skaja ,https://kazan.cian.ru/rent/flat/247282237/,Novo-Savinovskij,4,11000,Denis Gubko,9,1
34,30,  Marshala Chujkova,https://kazan.cian.ru/rent/flat/245181891/,Novo-Savinovskij,3,9000,Denis Gubko,9,1
18,50, Botanicheskaja ,https://kazan.cian.ru/rent/flat/198074786/,Privolzhskij,1,9000,ID 16413953,5,1
20,50,  Furmanova,https://kazan.cian.ru/rent/flat/223380506/,Moskovskij,2,9000,ID 16413953,3,1
37,30,  Dekabristov,https://kazan.cian.ru/rent/flat/246649864/,Moskovskij,5,11000,Denis Gubko,9,1
54,30,  Vishnevskogo,https://kazan.cian.ru/rent/flat/247215440/,Vahitovskij,8,14000,Julija Bil'danova,14,2
58,30,  Vishnevskogo,https://kazan.cian.ru/rent/flat/245256443/,Vahitovskij,8,14000,Julija Bil'danova,14,2
29,50, prospekt Al'berta Kamaleeva,https://kazan.cian.ru/rent/flat/243645472/,Sovetskij,13,14000,Tretij Rim,18,1
35,30, Meridiannaja ,https://kazan.cian.ru/rent/flat/243956310/,Novo-Savinovskij,4,10000,Denis Gubko,10,1
37,30, prospekt Jamasheva,https://kazan.cian.ru/rent/flat/243432005/,Novo-Savinovskij,5,10000,Julija Bil'danova,9,1
39,50,  Krasnoj Pozitsii,https://kazan.cian.ru/rent/flat/244060349/,Sovetskij,4,10000,Tretij Rim,5,2
37,30,  Adoratskogo,https://kazan.cian.ru/rent/flat/245900968/,Novo-Savinovskij,9,11000,Dmitrij Mokeev,18,1
40,30, Chistopol'skaja ,https://kazan.cian.ru/rent/flat/244964894/,Novo-Savinovskij,6,11000,Denis Gubko,14,1
37,30,  2-ja Jugo-Zapadnaja,https://kazan.cian.ru/rent/flat/246118367/,Kirovskij,4,11000,Julija Bil'danova,9,1
37,30,  Bondarenko,https://kazan.cian.ru/rent/flat/243430855/,Novo-Savinovskij,6,11000,Julija Bil'danova,9,1
36,0,  Akademika Saharova,https://kazan.cian.ru/rent/flat/246152677/,Sovetskij,6,12000,Tretij Rim,9,1
37,0,  Akademika Saharova,https://kazan.cian.ru/rent/flat/242862844/,Sovetskij,3,12000,Tretij Rim,9,1
32,0,  Hajdara Bigicheva,https://kazan.cian.ru/rent/flat/243373684/,Sovetskij,9,12000,Tretij Rim,9,1
68,30,  Akademika Glushko,https://kazan.cian.ru/rent/flat/243721624/,Sovetskij,8,14000,Julija Bil'danova,10,2
38,50, prospekt Pobedy,https://kazan.cian.ru/rent/flat/243146751/,Sovetskij,5,14000,Tretij Rim,15,1
40,50,  Cheljuskina,https://kazan.cian.ru/rent/flat/227433655/,Aviastroitel'nyj,1,12000,ID 16413953,10,1
40,50,  Juliusa Fuchika,https://kazan.cian.ru/rent/flat/242870928/,Sovetskij,5,13000,ID 19482669,10,1
36,30, prospekt Ibragimova,https://kazan.cian.ru/rent/flat/244496693/,Moskovskij,3,10000,Julija Bil'danova,9,1
34,30,  Dekabristov,https://kazan.cian.ru/rent/flat/247144432/,Moskovskij,2,10000,Julija Bil'danova,5,1
37,30,  Akademika Lavrent'eva,https://kazan.cian.ru/rent/flat/245900513/,Novo-Savinovskij,5,12000,Dmitrij Mokeev,9,1
40,30, prospekt Pobedy,https://kazan.cian.ru/rent/flat/247282010/,Sovetskij,7,11000,Denis Gubko,19,1
40,50,  Zilantovskaja,https://kazan.cian.ru/rent/flat/244948560/,Kirovskij,6,11000,ID 16413953,18,1
15,50,  Adelja Kutuja,https://kazan.cian.ru/rent/flat/245938905/,Sovetskij,5,11000,Marat Burganov,5,1
39,30,  Fatyha Amirhana,https://kazan.cian.ru/rent/flat/246454352/,Novo-Savinovskij,5,11000,Julija Bil'danova,10,1
33,30,  Abzhalilova,https://kazan.cian.ru/rent/flat/246649000/,Vahitovskij,5,9000,Denis Gubko,5,1
37,30, prospekt Ibragimova,https://kazan.cian.ru/rent/flat/247144503/,Moskovskij,4,10000,Julija Bil'danova,9,1
22,30,  Sedova,https://kazan.cian.ru/rent/flat/243430318/,Sovetskij,7,10000,Julija Bil'danova,17,1
72,0,  Riharda Zorge,https://kazan.cian.ru/rent/flat/240508453/,Privolzhskij,8,11000,Sobstvennik,19,2
60,30, prospekt Al'berta Kamaleeva,https://kazan.cian.ru/rent/flat/244963148/,Sovetskij,7,14000,Denis Gubko,18,2
36,0,  Akademika Zavojskogo,https://kazan.cian.ru/rent/flat/242862853/,Sovetskij,4,12000,Tretij Rim,9,1
39,30, Agronomicheskaja ,https://kazan.cian.ru/rent/flat/245033305/,Privolzhskij,4,11000,Dmitrij Mokeev,9,1
38,30,  Hadi Taktasha,https://kazan.cian.ru/rent/flat/247282860/,Vahitovskij,5,11000,Julija Bil'danova,10,1
37,30, Spartakovskaja ,https://kazan.cian.ru/rent/flat/247745925/,Privolzhskij,5,11000,Julija Bil'danova,11,1
36,30,  Absaljamova,https://kazan.cian.ru/rent/flat/244495614/,Novo-Savinovskij,6,10000,Julija Bil'danova,9,1
37,30, Chistopol'skaja ,https://kazan.cian.ru/rent/flat/243285172/,Moskovskij,6,11000,Julija Bil'danova,10,1
38,30,  Absaljamova,https://kazan.cian.ru/rent/flat/245470517/,Novo-Savinovskij,4,11000,Dmitrij Mokeev,10,1
36,30, Chistopol'skaja ,https://kazan.cian.ru/rent/flat/243650169/,Moskovskij,4,10000,Julija Bil'danova,9,1
22,0,  Adelja Kutuja,https://kazan.cian.ru/rent/flat/242862856/,Sovetskij,3,11000,Tretij Rim,5,1
46,30,  Dekabristov,https://kazan.cian.ru/rent/flat/244253091/,Moskovskij,2,13000,Julija Bil'danova,6,2
46,50, Volgogradskaja ,https://kazan.cian.ru/rent/flat/223087524/,Novo-Savinovskij,3,10000,ID 16413953,5,2
31,50,  Gudovantseva,https://kazan.cian.ru/rent/flat/247042436/,Moskovskij,4,11000,ID 44478404,5,1
38,30,  Chetaeva,https://kazan.cian.ru/rent/flat/247503553/,Novo-Savinovskij,6,11000,Dmitrij Mokeev,17,1
25,30, Protochnaja ,https://kazan.cian.ru/rent/flat/246575354/,Kirovskij,4,10000,Julija Bil'danova,17,1
29,50,  Solidarnosti,https://kazan.cian.ru/rent/flat/239909651/,Sovetskij,4,12000,MEGALIT,5,1
36,30,  Chetaeva,https://kazan.cian.ru/rent/flat/243358189/,Novo-Savinovskij,6,11000,Julija Bil'danova,10,1
45,30, prospekt Pobedy,https://kazan.cian.ru/rent/flat/245469809/,Sovetskij,6,12000,Dmitrij Mokeev,10,1
39,30,  Chetaeva,https://kazan.cian.ru/rent/flat/244049531/,Novo-Savinovskij,7,12000,Denis Gubko,18,1
72,30,  Akademika Lavrent'eva,https://kazan.cian.ru/rent/flat/245032980/,Novo-Savinovskij,8,14000,Dmitrij Mokeev,16,2
74,30,  Marshala Chujkova,https://kazan.cian.ru/rent/flat/244495977/,Novo-Savinovskij,8,14000,Julija Bil'danova,19,2
31,50,  Rauisa Gareeva,https://kazan.cian.ru/rent/flat/243645475/,Privolzhskij,12,14000,Tretij Rim,19,1
74,30,  Marshala Chujkova,https://kazan.cian.ru/rent/flat/244495977/,Novo-Savinovskij,8,14000,Julija Bil'danova,19,2
72,30,  Akademika Lavrent'eva,https://kazan.cian.ru/rent/flat/245032980/,Novo-Savinovskij,8,14000,Dmitrij Mokeev,16,2
31,50,  Rauisa Gareeva,https://kazan.cian.ru/rent/flat/243645475/,Privolzhskij,12,14000,Tretij Rim,19,1
18,30,  Akademika Kirpichnikova,https://kazan.cian.ru/rent/flat/247626310/,Sovetskij,2,9000,Julija Bil'danova,5,1
55,50, Scherbakovskij pereulok,https://kazan.cian.ru/rent/flat/224360799/,Vahitovskij,23,40000,Il'nar Avers,29,2
42,50,  Druzhby,https://kazan.cian.ru/rent/flat/243813839/,Sovetskij,4,14000,Tretij Rim,5,1
36,50, Revoljutsionnaja ,https://kazan.cian.ru/rent/flat/245365148/,Kirovskij,3,10000,ID 21879480,5,1
62,30, Daurskaja ,https://kazan.cian.ru/rent/flat/244195011/,Sovetskij,7,14000,Denis Gubko,15,2
38,30, prospekt Pobedy,https://kazan.cian.ru/rent/flat/243494036/,Sovetskij,7,10000,Julija Bil'danova,19,1
75,0,  Zaslonova,https://kazan.cian.ru/rent/flat/227240257/,Vahitovskij,9,45000,Sobstvennik,9,3
30,30,  Marshala Chujkova,https://kazan.cian.ru/rent/flat/244194844/,Novo-Savinovskij,2,10000,Denis Gubko,14,1
30,40,  Gudovantseva,https://kazan.cian.ru/rent/flat/206788225/,Moskovskij,2,10000,ID 16138475,5,1
14,40,  Gudovantseva,https://kazan.cian.ru/rent/flat/211153805/,Aviastroitel'nyj,2,10000,ID 16138475,5,1
36,50,  Gagarina,https://kazan.cian.ru/rent/flat/244365230/,Novo-Savinovskij,3,12000,Marat Burganov,5,1
36,50,  Gudovantseva,https://kazan.cian.ru/rent/flat/246792147/,Moskovskij,4,10000,HAWAII,5,1
43,30,  Sibgata Hakima,https://kazan.cian.ru/rent/flat/244050104/,Novo-Savinovskij,4,12000,Denis Gubko,9,1
60,30,  Fatyha Amirhana,https://kazan.cian.ru/rent/flat/244127063/,Novo-Savinovskij,6,14000,Julija Bil'danova,10,2
67,30,  Fatyha Amirhana,https://kazan.cian.ru/rent/flat/244124831/,Novo-Savinovskij,9,14000,Denis Gubko,17,2
45,50,  Kommunarov,https://kazan.cian.ru/rent/flat/235831405/,Kirovskij,9,15000,ID 11194009,10,1
36,30, prospekt Jamasheva,https://kazan.cian.ru/rent/flat/247564890/,Moskovskij,4,10000,Denis Gubko,9,1
34,30,  Fatyha Amirhana,https://kazan.cian.ru/rent/flat/247504461/,Novo-Savinovskij,5,10000,Julija Bil'danova,9,1
37,30,  Akademika Gubkina,https://kazan.cian.ru/rent/flat/244813708/,Sovetskij,4,10000,Julija Bil'danova,9,1
38,30,  Adoratskogo,https://kazan.cian.ru/rent/flat/245815783/,Novo-Savinovskij,6,11000,Julija Bil'danova,16,1
28,50,  2-ja Gazovaja,https://kazan.cian.ru/rent/flat/246652750/,Privolzhskij,4,11000,HAWAII,5,1
23,50, Okrainnaja ,https://kazan.cian.ru/rent/flat/244828676/,Kirovskij,8,9000,ID 10510774,9,1
37,30,  Korotchenko,https://kazan.cian.ru/rent/flat/245726205/,Vahitovskij,3,11000,Julija Bil'danova,3,1
38,30,  Pavljuhina,https://kazan.cian.ru/rent/flat/244868646/,Privolzhskij,4,11000,Dmitrij Mokeev,11,1
32,50, Meridiannaja ,https://kazan.cian.ru/rent/flat/243813848/,Novo-Savinovskij,10,14000,Tretij Rim,10,1
17,100,  Nikolaja Ershova,https://kazan.cian.ru/rent/flat/247170239/,Sovetskij,1,15000,Las Vegas,5,1
38,30, Chistopol'skaja ,https://kazan.cian.ru/rent/flat/243215462/,Moskovskij,6,11000,Julija Bil'danova,9,1
37,30,  Juliusa Fuchika,https://kazan.cian.ru/rent/flat/247565463/,Sovetskij,6,11000,Denis Gubko,10,1
26,50, prospekt Pobedy,https://kazan.cian.ru/rent/flat/243242423/,Sovetskij,5,12000,Tretij Rim,10,1
33,30, prospekt Jamasheva,https://kazan.cian.ru/rent/flat/244594744/,Novo-Savinovskij,5,10000,Julija Bil'danova,10,1
35,30,  Musina,https://kazan.cian.ru/rent/flat/244194743/,Novo-Savinovskij,4,10000,Denis Gubko,10,1
33,30,  Shamilja Usmanova,https://kazan.cian.ru/rent/flat/244125472/,Moskovskij,2,10000,Denis Gubko,5,1
32,50,  Solidarnosti,https://kazan.cian.ru/rent/flat/246852066/,Sovetskij,5,9000,HAWAII,9,1
25,50,  Mazita Gafuri,https://kazan.cian.ru/rent/flat/243787601/,Vahitovskij,5,12000,Marat Burganov,9,1
38,30,  Marshala Chujkova,https://kazan.cian.ru/rent/flat/244810647/,Novo-Savinovskij,7,12000,Julija Bil'danova,16,1
51,30,  Kosmonavtov,https://kazan.cian.ru/rent/flat/244251207/,Sovetskij,6,13000,Julija Bil'danova,10,2
48,30,  Garif'janova,https://kazan.cian.ru/rent/flat/243794080/,Privolzhskij,3,13000,Dmitrij Mokeev,5,2
68,30,  Juliusa Fuchika,https://kazan.cian.ru/rent/flat/245110824/,Privolzhskij,6,14000,Julija Bil'danova,12,2
28,50,  Chetaeva,https://kazan.cian.ru/rent/flat/245267227/,Novo-Savinovskij,1,11000,Marat Burganov,10,1
48,50, Avangardnaja ,https://kazan.cian.ru/rent/flat/245973129/,Privolzhskij,2,12000,HAWAII,2,1
76,30, Chistopol'skaja ,https://kazan.cian.ru/rent/flat/245111808/,Novo-Savinovskij,7,15000,Julija Bil'danova,16,2
40,30, Chistopol'skaja ,https://kazan.cian.ru/rent/flat/247821654/,Novo-Savinovskij,4,12000,Julija Bil'danova,5,1
37,30,  Chetaeva,https://kazan.cian.ru/rent/flat/246118532/,Novo-Savinovskij,9,11000,Julija Bil'danova,18,1
27,50, Botanicheskaja ,https://kazan.cian.ru/rent/flat/245977406/,Privolzhskij,3,12000,HAWAII,5,1
40,50, Professora Kamaja ,https://kazan.cian.ru/rent/flat/247126563/,Privolzhskij,5,13000,ID 12865930,19,1
33,30,  Pavljuhina,https://kazan.cian.ru/rent/flat/246045044/,Privolzhskij,3,11000,Julija Bil'danova,5,1
45,50,  Musina,https://kazan.cian.ru/rent/flat/245112284/,Novo-Savinovskij,5,16000,Tat'jana Kazanskaja,5,2
18,45,  Gudovantseva,https://kazan.cian.ru/rent/flat/208272157/,Moskovskij,4,10000,ID 16138475,5,1
30,45,  Himikov,https://kazan.cian.ru/rent/flat/231592412/,Moskovskij,5,11000,ID 16138475,5,1
38,30, Gorsovetskaja ,https://kazan.cian.ru/rent/flat/246781008/,Kirovskij,7,11000,Dmitrij Mokeev,9,1
35,50,  Garif'janova,https://kazan.cian.ru/rent/flat/245469000/,Privolzhskij,3,12000,ID 10510774,5,1
32,50, prospekt Ibragimova,https://kazan.cian.ru/rent/flat/243897766/,Novo-Savinovskij,5,14000,Tretij Rim,5,1
33,30, Chernomorskaja ,https://kazan.cian.ru/rent/flat/245255479/,Moskovskij,3,10000,Julija Bil'danova,5,1
37,30, Druzhinnaja ,https://kazan.cian.ru/rent/flat/244963625/,Kirovskij,5,10000,Denis Gubko,9,1
37,30,  Bondarenko,https://kazan.cian.ru/rent/flat/247282125/,Novo-Savinovskij,5,10000,Denis Gubko,9,1
44,30,  Lejtenanta Shmidta,https://kazan.cian.ru/rent/flat/244869036/,Vahitovskij,3,13000,Dmitrij Mokeev,5,2
38,30,  Hadi Taktasha,https://kazan.cian.ru/rent/flat/245525933/,Vahitovskij,6,12000,Julija Bil'danova,10,1
39,30,  Bondarenko,https://kazan.cian.ru/rent/flat/246717729/,Moskovskij,4,11000,Julija Bil'danova,10,1
22,50,  Nursultana Nazarbaeva,https://kazan.cian.ru/rent/flat/247424940/,Privolzhskij,3,11000,HAWAII,5,1
49,30, Chistopol'skaja ,https://kazan.cian.ru/rent/flat/247002568/,Moskovskij,2,13000,Julija Bil'danova,9,2
41,30,  Akademika Lavrent'eva,https://kazan.cian.ru/rent/flat/243435342/,Novo-Savinovskij,3,12000,Julija Bil'danova,17,1
32,50,  Gagarina,https://kazan.cian.ru/rent/flat/247345780/,Novo-Savinovskij,1,10000,Poisk,5,1
36,30,  Gavrilova,https://kazan.cian.ru/rent/flat/243494324/,Novo-Savinovskij,3,11000,Julija Bil'danova,9,1
33,40,  Gudovantseva,https://kazan.cian.ru/rent/flat/230440362/,Moskovskij,5,10000,ID 16138475,5,1
38,50,  Rauisa Gareeva,https://kazan.cian.ru/rent/flat/243579024/,Privolzhskij,8,15000,Tretij Rim,14,1
20,40,  Gudovantseva,https://kazan.cian.ru/rent/flat/229925741/,Moskovskij,5,11000,ID 16138475,5,1
44,0,  Dubravnaja,https://kazan.cian.ru/rent/flat/247152851/,Privolzhskij,15,12000,Domino,16,1
20,30,  Absaljamova,https://kazan.cian.ru/rent/flat/244868524/,Novo-Savinovskij,2,10000,Dmitrij Mokeev,10,1
37,30,  Kosmonavtov,https://kazan.cian.ru/rent/flat/243137110/,Sovetskij,4,11000,Julija Bil'danova,9,1
37,30,  Chetaeva,https://kazan.cian.ru/rent/flat/243360155/,Novo-Savinovskij,4,11000,Julija Bil'danova,9,1
50,50,  Akademika Pavlova,https://kazan.cian.ru/rent/flat/244362849/,Aviastroitel'nyj,5,12000,Marat Burganov,10,1
54,30,  Kachalova,https://kazan.cian.ru/rent/flat/247746004/,Privolzhskij,7,13000,Julija Bil'danova,15,2
35,50,  Azata Abbasova,https://kazan.cian.ru/rent/flat/247216541/,Sovetskij,6,14000,Tretij Rim,10,1
23,50,  Vosstanija,https://kazan.cian.ru/rent/flat/246491837/,Novo-Savinovskij,2,12000,HAWAII,2,1
23,50,  Latyshskih Strelkov,https://kazan.cian.ru/rent/flat/245960000/,Sovetskij,3,11000,HAWAII,5,1
39,30,  Sibgata Hakima,https://kazan.cian.ru/rent/flat/243215704/,Novo-Savinovskij,5,12000,Julija Bil'danova,7,1
25,50,  Gagarina,https://kazan.cian.ru/rent/flat/246058410/,Novo-Savinovskij,4,10000,HAWAII,5,1
35,30, prospekt Jamasheva,https://kazan.cian.ru/rent/flat/244252918/,Moskovskij,3,10000,Julija Bil'danova,9,1
23,50,  Latyshskih Strelkov,https://kazan.cian.ru/rent/flat/243288309/,Sovetskij,3,10000,Tretij Rim,5,1
38,30,  Bondarenko,https://kazan.cian.ru/rent/flat/243358732/,Novo-Savinovskij,2,10000,Julija Bil'danova,10,1
25,50, Bazarnaja ,https://kazan.cian.ru/rent/flat/243159717/,Kirovskij,2,11000,Tretij Rim,5,1
36,50,  Adoratskogo,https://kazan.cian.ru/rent/flat/246538644/,Novo-Savinovskij,6,12000,ID 20886504,9,1
18,50, Belomorskaja ,https://kazan.cian.ru/rent/flat/241804953/,Moskovskij,4,10000,MEGALIT,5,1
29,50,  Sedova,https://kazan.cian.ru/rent/flat/243435847/,Sovetskij,5,12000,Tretij Rim,17,1
24,50,  Juliusa Fuchika,https://kazan.cian.ru/rent/flat/243288317/,Privolzhskij,6,12000,Tretij Rim,9,1
35,0,  Juliusa Fuchika,https://kazan.cian.ru/rent/flat/243220017/,Sovetskij,8,12000,Tretij Rim,10,1
36,50,  Zakieva,https://kazan.cian.ru/rent/flat/243159750/,Sovetskij,5,12000,Tretij Rim,9,1
39,50,  Latyshskih Strelkov,https://kazan.cian.ru/rent/flat/235567080/,Sovetskij,3,12000,ID 19482669,5,1
23,50, Oktjabr'skaja ,https://kazan.cian.ru/rent/flat/243294632/,Novo-Savinovskij,1,13000,Tretij Rim,5,1
38,50,  Komissara Gabisheva,https://kazan.cian.ru/rent/flat/222888919/,Privolzhskij,2,14000,ID 9934072,9,1
30,50,  Haleva,https://kazan.cian.ru/rent/flat/243919620/,Privolzhskij,1,12000,Poisk,5,1
54,50,  Noksinskij Spusk,https://kazan.cian.ru/rent/flat/243452574/,Sovetskij,3,14000,Tretij Rim,14,1
42,50,  Hadi Taktasha,https://kazan.cian.ru/rent/flat/243239927/,Vahitovskij,5,14000,Tretij Rim,10,2
20,50,  Nursultana Nazarbaeva,https://kazan.cian.ru/rent/flat/243242419/,Vahitovskij,6,14000,Tretij Rim,9,1
42,50,  Druzhby,https://kazan.cian.ru/rent/flat/243813839/,Sovetskij,4,14000,Tretij Rim,5,1
36,50,  Saban,https://kazan.cian.ru/rent/flat/244887638/,Moskovskij,5,12000,Adelina Mironova,10,1
40,50,  Chetaeva,https://kazan.cian.ru/rent/flat/222967377/,Novo-Savinovskij,5,12000,ID 16413953,10,1
32,50,  Zakieva,https://kazan.cian.ru/rent/flat/243495575/,Sovetskij,3,12000,Poisk,9,1
25,50,  2-ja Daurskaja,https://kazan.cian.ru/rent/flat/245129899/,Sovetskij,3,13000,HAWAII,5,1
33,50, Gvardejskaja ,https://kazan.cian.ru/rent/flat/242646354/,Sovetskij,1,15000,ID 9934072,5,1
54,50,  Vishnevskogo,https://kazan.cian.ru/rent/flat/240550416/,Vahitovskij,6,15000,Oleg Kir'janov,10,2
22,50,  Gudovantseva,https://kazan.cian.ru/rent/flat/246790952/,Aviastroitel'nyj,5,9000,ID 47522234,5,1
15,50,  Himikov,https://kazan.cian.ru/rent/flat/245256074/,Moskovskij,3,10000,Poisk,5,1
31,50, prospekt Jamasheva,https://kazan.cian.ru/rent/flat/245820562/,Moskovskij,4,10000,ID 11560618,9,1
52,50,  Viktora Sazhinova,https://kazan.cian.ru/rent/flat/246117539/,Kirovskij,11,12000,HAWAII,18,2
40,50, Tverskaja ,https://kazan.cian.ru/rent/flat/238567631/,Moskovskij,3,16000,Tat'jana Kazanskaja,9,1
48,0,  Safiullina,https://kazan.cian.ru/rent/flat/247449526/,Privolzhskij,3,13000,ID 62197636,9,1
19,30,  Absaljamova,https://kazan.cian.ru/rent/flat/243286319/,Novo-Savinovskij,1,10000,Julija Bil'danova,10,1
110,50, Gvardejskaja ,https://kazan.cian.ru/rent/flat/195397207/,Sovetskij,7,25000,Rajhana Geront'eva,10,3
40,50, Tverskaja ,https://kazan.cian.ru/rent/flat/238567631/,Moskovskij,3,16000,Tat'jana Kazanskaja,9,1
48,0,  Safiullina,https://kazan.cian.ru/rent/flat/247449526/,Privolzhskij,3,13000,ID 62197636,9,1
19,30,  Absaljamova,https://kazan.cian.ru/rent/flat/243286319/,Novo-Savinovskij,1,10000,Julija Bil'danova,10,1
110,50, Gvardejskaja ,https://kazan.cian.ru/rent/flat/195397207/,Sovetskij,7,25000,Rajhana Geront'eva,10,3
52,30, prospekt Jamasheva,https://kazan.cian.ru/rent/flat/247078206/,Novo-Savinovskij,7,14000,Dmitrij Mokeev,9,2
34,50,  Gudovantseva,https://kazan.cian.ru/rent/flat/244923125/,Moskovskij,2,11000,ID 47522234,5,1
32,0,  Safiullina,https://kazan.cian.ru/rent/flat/243357097/,Privolzhskij,3,14000,Tretij Rim,9,1
25,50,  Himikov,https://kazan.cian.ru/rent/flat/223554906/,Moskovskij,5,10000,Ramazan,5,1
52,50,  Gudovantseva,https://kazan.cian.ru/rent/flat/245522642/,Moskovskij,4,10000,HAWAII,5,2
37,30,  Musina,https://kazan.cian.ru/rent/flat/246449787/,Novo-Savinovskij,8,11000,Julija Bil'danova,16,1
35,50, Kirpichnaja ,https://kazan.cian.ru/rent/flat/229230040/,Sovetskij,2,15000,ID 12958547,3,2
34,0,  Brat'ev Kasimovyh,https://kazan.cian.ru/rent/flat/243897747/,Privolzhskij,5,14000,Tretij Rim,9,1
39,30,  Fatyha Amirhana,https://kazan.cian.ru/rent/flat/243137327/,Novo-Savinovskij,8,12000,Julija Bil'danova,17,1
34,50,  Abubekira Teregulova,https://kazan.cian.ru/rent/flat/243304884/,Privolzhskij,7,14000,Tretij Rim,17,2
30,50, prospekt Ibragimova,https://kazan.cian.ru/rent/flat/247647539/,Novo-Savinovskij,3,10000,ID 16121519,5,1
20,50,  Vatutina,https://kazan.cian.ru/rent/flat/245528617/,Privolzhskij,2,10000,HAWAII,3,1
80,45,  Tulpar,https://kazan.cian.ru/rent/flat/216497828/,Sovetskij,4,45000,Il'nar Avers,8,2
15,50,  Karbysheva,https://kazan.cian.ru/rent/flat/247744136/,Privolzhskij,5,12000,Artur Garifullin,9,1
58,30, Meridiannaja ,https://kazan.cian.ru/rent/flat/247689089/,Novo-Savinovskij,7,13000,Julija Bil'danova,16,2
37,30, Chistopol'skaja ,https://kazan.cian.ru/rent/flat/246458935/,Moskovskij,4,11000,Julija Bil'danova,9,1
30,50, Magadanskaja ,https://kazan.cian.ru/rent/flat/246038607/,Vahitovskij,5,10000,HAWAII,9,1
25,50,  Energetikov,https://kazan.cian.ru/rent/flat/247012731/,Moskovskij,4,11000,HAWAII,5,1
38,50,  Hajdara Bigicheva,https://kazan.cian.ru/rent/flat/225912384/,Sovetskij,3,12000,ID 46993370,7,1
54,50, Lomzhinskaja ,https://kazan.cian.ru/rent/flat/222531332/,Sovetskij,7,17000,MEGALIT,9,2
54,50,  Kosmonavtov,https://kazan.cian.ru/rent/flat/163501593/,Sovetskij,3,18000,MEGALIT,5,2
36,30,  Musina,https://kazan.cian.ru/rent/flat/243285877/,Novo-Savinovskij,6,10000,Julija Bil'danova,10,1
37,30,  Fatyha Amirhana,https://kazan.cian.ru/rent/flat/243359747/,Novo-Savinovskij,6,11000,Julija Bil'danova,9,1
46,0,  Il'icha,https://kazan.cian.ru/rent/flat/241513318/,Kirovskij,1,12000,ID 12555916,3,3
40,30,  Alekseja Kozina,https://kazan.cian.ru/rent/flat/244405588/,Novo-Savinovskij,8,12000,Julija Bil'danova,16,1
36,0,  Kul Gali,https://kazan.cian.ru/rent/flat/242985037/,Privolzhskij,5,12000,Tretij Rim,7,1
24,50,  Rauisa Gareeva,https://kazan.cian.ru/rent/flat/243159737/,Privolzhskij,9,12000,Tretij Rim,10,1
32,50,  Akademika Glushko,https://kazan.cian.ru/rent/flat/242980549/,Sovetskij,7,12000,Tretij Rim,10,1
36,50,  Nursultana Nazarbaeva,https://kazan.cian.ru/rent/flat/242862845/,Vahitovskij,4,13000,Tretij Rim,9,1
44,50,  Latyshskih Strelkov,https://kazan.cian.ru/rent/flat/243222963/,Sovetskij,14,13000,Tretij Rim,14,1
31,50, Dal'njaja ,https://kazan.cian.ru/rent/flat/243452568/,Privolzhskij,1,13000,Tretij Rim,5,1
46,50,  Akademika Glushko,https://kazan.cian.ru/rent/flat/226280177/,Sovetskij,6,12000,ID 16413953,10,1
32,50,  Shamilja Usmanova,https://kazan.cian.ru/rent/flat/237834455/,Moskovskij,4,12000,ID 48629108,5,1
35,49,  Dekabristov,https://kazan.cian.ru/rent/flat/234139923/,Moskovskij,2,14000,ID 15551923,5,1
42,50,  Brat'ev Kasimovyh,https://kazan.cian.ru/rent/flat/242938229/,Privolzhskij,5,14000,Tretij Rim,10,2
48,50,  Akademika Zavojskogo,https://kazan.cian.ru/rent/flat/243657615/,Privolzhskij,8,14000,Tretij Rim,15,1
32,50,  Latyshskih Strelkov,https://kazan.cian.ru/rent/flat/243167021/,Sovetskij,9,14000,Tretij Rim,10,1
37,50,  Chetaeva,https://kazan.cian.ru/rent/flat/243444545/,Novo-Savinovskij,4,14000,Tretij Rim,9,1
37,30,  Dekabristov,https://kazan.cian.ru/rent/flat/233788748/,Moskovskij,3,15000,ID 19482669,5,1
38,50,  Noksinskij Spusk,https://kazan.cian.ru/rent/flat/227191097/,Sovetskij,5,13000,ID 9934072,10,1
39,50,  Musina,https://kazan.cian.ru/rent/flat/197795057/,Novo-Savinovskij,6,12000,ID 16413953,9,1
37,30, Chistopol'skaja ,https://kazan.cian.ru/rent/flat/243893675/,Novo-Savinovskij,5,11000,Dmitrij Mokeev,9,1
36,30, Chistopol'skaja ,https://kazan.cian.ru/rent/flat/245469995/,Novo-Savinovskij,5,11000,Dmitrij Mokeev,10,1
66,30,  Kosmonavtov,https://kazan.cian.ru/rent/flat/246119005/,Sovetskij,2,14000,Julija Bil'danova,10,2
35,50,  2-ja Gazovaja,https://kazan.cian.ru/rent/flat/246650515/,Privolzhskij,2,12000,Tretij Rim,5,1
30,50, Gvardejskaja ,https://kazan.cian.ru/rent/flat/247386679/,Sovetskij,2,10000,Oleg Kir'janov,5,1
48,50,  Gudovantseva,https://kazan.cian.ru/rent/flat/246658409/,Moskovskij,5,11000,HAWAII,5,1
22,45,  Halezova,https://kazan.cian.ru/rent/flat/247749951/,Sovetskij,5,11000,ID 16138475,5,1
40,50,  Dubravnaja,https://kazan.cian.ru/rent/flat/245139104/,Privolzhskij,8,15000,ID 46993370,14,1
26,50,  Midhata Bulatova,https://kazan.cian.ru/rent/flat/243239909/,Privolzhskij,2,14000,Tretij Rim,10,1
42,50,  Riharda Zorge,https://kazan.cian.ru/rent/flat/242399049/,Privolzhskij,5,15000,ID 12865930,9,2
33,30,  Dekabristov,https://kazan.cian.ru/rent/flat/247895354/,Moskovskij,3,9000,Julija Bil'danova,5,1
54,30, Sibirskij trakt,https://kazan.cian.ru/rent/flat/247896309/,Sovetskij,5,14000,Julija Bil'danova,9,2
50,50, mkr. Oktjabr'skij gorodok,https://kazan.cian.ru/rent/flat/247459721/,Sovetskij,4,15000,Tretij Rim,5,2
22,0,  Marshala Chujkova,https://kazan.cian.ru/rent/flat/246152670/,Novo-Savinovskij,3,15000,Tretij Rim,9,1
32,50,  Nursultana Nazarbaeva,https://kazan.cian.ru/rent/flat/243742831/,Vahitovskij,4,14000,Tretij Rim,5,1
48,100, Daurskaja ,https://kazan.cian.ru/rent/flat/246579331/,Sovetskij,8,14000,Las Vegas,10,1
30,50, Tehnicheskaja ,https://kazan.cian.ru/rent/flat/244040510/,Privolzhskij,2,14000,Tretij Rim,5,1
36,30, prospekt Jamasheva,https://kazan.cian.ru/rent/flat/244806709/,Novo-Savinovskij,6,10000,Julija Bil'danova,12,1
18,50,  Himikov,https://kazan.cian.ru/rent/flat/245461638/,Moskovskij,1,9000,ID 47522234,5,1
38,30, Meridiannaja ,https://kazan.cian.ru/rent/flat/244405524/,Novo-Savinovskij,7,11000,Julija Bil'danova,16,1
38,30, Druzhinnaja ,https://kazan.cian.ru/rent/flat/244593302/,Kirovskij,4,11000,Dmitrij Mokeev,9,1
36,30,  Marshala Chujkova,https://kazan.cian.ru/rent/flat/244868590/,Novo-Savinovskij,6,11000,Dmitrij Mokeev,9,1
38,30,  Adoratskogo,https://kazan.cian.ru/rent/flat/247002163/,Novo-Savinovskij,5,11000,Julija Bil'danova,16,1
36,0,  Gavrilova,https://kazan.cian.ru/rent/flat/242862794/,Novo-Savinovskij,7,11000,Tretij Rim,9,1
36,0,  Magistral'naja,https://kazan.cian.ru/rent/flat/242862832/,Sovetskij,3,12000,Tretij Rim,9,1
26,50,  Latyshskih Strelkov,https://kazan.cian.ru/rent/flat/243288314/,Sovetskij,3,12000,Tretij Rim,5,1
32,0,  Tolbuhina,https://kazan.cian.ru/rent/flat/242940904/,Sovetskij,6,13000,Tretij Rim,9,1
30,0,  Riharda Zorge,https://kazan.cian.ru/rent/flat/243384977/,Privolzhskij,6,13000,Tretij Rim,9,1
42,50, Volgogradskaja ,https://kazan.cian.ru/rent/flat/243796661/,Moskovskij,3,13000,Tretij Rim,5,2
40,50,  Marshala Chujkova,https://kazan.cian.ru/rent/flat/242538187/,Novo-Savinovskij,2,14000,ID 12865930,9,1
73,30,  Akademika Zavojskogo,https://kazan.cian.ru/rent/flat/243284960/,Sovetskij,7,14000,Julija Bil'danova,10,3
43,50,  Pavljuhina,https://kazan.cian.ru/rent/flat/243440605/,Privolzhskij,5,14000,Tretij Rim,5,2
32,50, prospekt Pobedy,https://kazan.cian.ru/rent/flat/243452580/,Sovetskij,3,14000,Tretij Rim,9,1
35,0,  Juliusa Fuchika,https://kazan.cian.ru/rent/flat/243366276/,Sovetskij,7,14000,Tretij Rim,10,1
34,50,  Akademika Parina,https://kazan.cian.ru/rent/flat/245946171/,Privolzhskij,8,12500,Oleg Kir'janov,10,1
42,50,  Safiullina,https://kazan.cian.ru/rent/flat/245519720/,Privolzhskij,6,12000,HAWAII,9,1
30,50,  Tolbuhina,https://kazan.cian.ru/rent/flat/240261765/,Sovetskij,3,15000,Oleg Kir'janov,10,1
38,50,  Akademika Koroleva,https://kazan.cian.ru/rent/flat/244270337/,Moskovskij,3,12000,Marat Burganov,5,1
38,0, Militsejskaja ,https://kazan.cian.ru/rent/flat/245180113/,Kirovskij,2,13000,HAWAII,4,1
20,50,  Sedova,https://kazan.cian.ru/rent/flat/244406466/,Sovetskij,5,12000,Poisk,5,1
38,30, Druzhinnaja ,https://kazan.cian.ru/rent/flat/243494080/,Kirovskij,5,11000,Julija Bil'danova,16,1
32,50,  Rauisa Gareeva,https://kazan.cian.ru/rent/flat/243220009/,Privolzhskij,6,13000,Tretij Rim,9,1
48,50,  Hadi Taktasha,https://kazan.cian.ru/rent/flat/245984955/,Vahitovskij,8,14000,HAWAII,9,1
35,50,  Dekabristov,https://kazan.cian.ru/rent/flat/246779848/,Moskovskij,3,15000,ID 46097728,9,1
36,0,  Zur Uram,https://kazan.cian.ru/rent/flat/243584170/,Sovetskij,9,15000,ID 55398960,10,1
20,50,  Dement'eva,https://kazan.cian.ru/rent/flat/243159727/,Aviastroitel'nyj,4,12000,Tretij Rim,5,1
12,50,  Kul Gali,https://kazan.cian.ru/rent/flat/247720102/,Privolzhskij,1,11000,ID 19720152,9,1
33,50,  Vosstanija,https://kazan.cian.ru/rent/flat/247745888/,Moskovskij,2,10000,ID 16121519,6,1
18,50,  Korolenko,https://kazan.cian.ru/rent/flat/247650486/,Novo-Savinovskij,8,11000,Artur Garifullin,9,1
17,50,  Chetaeva,https://kazan.cian.ru/rent/flat/247620737/,Novo-Savinovskij,1,15000,ID 16121519,10,1
49,100, Birjuzovaja ,https://kazan.cian.ru/rent/flat/247496215/,Kirovskij,5,12000,IZUMRUD,9,2
42,0,  Krasnoj Pozitsii,https://kazan.cian.ru/rent/flat/245545109/,Sovetskij,2,14000,Portal,5,2
40,50,  Juliusa Fuchika,https://kazan.cian.ru/rent/flat/244728011/,Sovetskij,8,12000,ID 46993370,10,1
40,50,  Saliha Batyeva,https://kazan.cian.ru/rent/flat/244701844/,Privolzhskij,5,14000,ID 46993370,10,1
33,50, Olonetskaja ,https://kazan.cian.ru/rent/flat/241316241/,Sovetskij,4,15000,ID 9882706,5,1
38,0, prospekt Pobedy,https://kazan.cian.ru/rent/flat/243435843/,Privolzhskij,1,15000,Tretij Rim,22,1
37,30, Meridiannaja ,https://kazan.cian.ru/rent/flat/247077057/,Novo-Savinovskij,7,11000,Denis Gubko,16,1
42,50,  Gavrilova,https://kazan.cian.ru/rent/flat/243813834/,Novo-Savinovskij,5,14000,Tretij Rim,9,1
28,40, Okol'naja ,https://kazan.cian.ru/rent/flat/247599664/,Kirovskij,4,11000,ID 15256713,9,1
42,50,  Azata Abbasova,https://kazan.cian.ru/rent/flat/243949989/,Sovetskij,7,14000,Tretij Rim,10,2
47,50, Minskaja ,https://kazan.cian.ru/rent/flat/239897138/,Sovetskij,4,15000,ID 12865930,16,1
35,50,  Mazita Gafuri,https://kazan.cian.ru/rent/flat/247265459/,Vahitovskij,4,12000,ID 12865930,5,1
31,50,  Vosstanija,https://kazan.cian.ru/rent/flat/247333072/,Moskovskij,2,12000,ID 12865930,5,1
35,50,  Aleksandra Kurynova,https://kazan.cian.ru/rent/flat/247002793/,Sovetskij,9,13000,ID 10510774,19,1
30,50,  Akademika Saharova,https://kazan.cian.ru/rent/flat/247007039/,Sovetskij,3,15000,Derzhava,9,1
33,0,  Tatarstan,https://kazan.cian.ru/rent/flat/247092747/,Vahitovskij,8,16000,Portal,9,1
65,50, Chistopol'skaja ,https://kazan.cian.ru/rent/flat/227815143/,Novo-Savinovskij,5,30000,MEGALIT,16,1
37,30, prospekt Jamasheva,https://kazan.cian.ru/rent/flat/247745879/,Novo-Savinovskij,4,10000,Julija Bil'danova,10,1
33,50,  Krasnoj Pozitsii,https://kazan.cian.ru/rent/flat/247447340/,Sovetskij,2,11000,Tretij Rim,2,1
41,30,  Fatyha Amirhana,https://kazan.cian.ru/rent/flat/247688562/,Novo-Savinovskij,4,11000,Julija Bil'danova,10,1
44,30, Chistopol'skaja ,https://kazan.cian.ru/rent/flat/247688157/,Novo-Savinovskij,4,11000,Julija Bil'danova,9,1
33,100,  Akademika Glushko,https://kazan.cian.ru/rent/flat/247170246/,Sovetskij,2,12000,Las Vegas,9,1
46,50,  Korolenko,https://kazan.cian.ru/rent/flat/246653064/,Novo-Savinovskij,4,11000,HAWAII,5,1
35,50,  Batyrshina,https://kazan.cian.ru/rent/flat/246568353/,Kirovskij,2,11000,Poisk,5,1
36,50,  Cheljuskina,https://kazan.cian.ru/rent/flat/246659749/,Aviastroitel'nyj,4,12000,HAWAII,5,1
38,50,  Bondarenko,https://kazan.cian.ru/rent/flat/246779632/,Novo-Savinovskij,5,12000,ID 46097728,10,1
44,100, Professora Kamaja ,https://kazan.cian.ru/rent/flat/247553895/,Privolzhskij,8,15000,Las Vegas,17,1
13,50,  Gudovantseva,https://kazan.cian.ru/rent/flat/242182620/,Moskovskij,4,9000,ID 16138475,5,1
18,50, Belomorskaja ,https://kazan.cian.ru/rent/flat/242780043/,Moskovskij,2,9000,ID 16138475,5,1
32,50,  Gudovantseva,https://kazan.cian.ru/rent/flat/245608467/,Moskovskij,3,10000,HAWAII,5,1
34,40, Belomorskaja ,https://kazan.cian.ru/rent/flat/241972695/,Moskovskij,1,10000,ID 16138475,3,1
30,50,  Gudovantseva,https://kazan.cian.ru/rent/flat/244382112/,Aviastroitel'nyj,2,14000,Marat Burganov,5,2
42,50, Birjuzovaja ,https://kazan.cian.ru/rent/flat/241113890/,Kirovskij,8,14000,ID 12865930,10,1
40,50, Minskaja ,https://kazan.cian.ru/rent/flat/203599294/,Sovetskij,3,13000,ID 9934072,10,1
19,40,  Gudovantseva,https://kazan.cian.ru/rent/flat/210130840/,Moskovskij,4,10000,ID 16138475,5,1
50,50,  Chapaeva,https://kazan.cian.ru/rent/flat/247691096/,Aviastroitel'nyj,2,10000,ID 62573152,2,2
39,100,  Gavrilova,https://kazan.cian.ru/rent/flat/246708770/,Novo-Savinovskij,1,15000,Las Vegas,9,1
43,50,  Krasnoj Pozitsii,https://kazan.cian.ru/rent/flat/246597219/,Sovetskij,1,17000,MEGALIT,5,2
58,50,  Kurashova,https://kazan.cian.ru/rent/flat/245987102/,Vahitovskij,1,25000,MEGALIT,5,3
37,30,  Akademika Gubkina,https://kazan.cian.ru/rent/flat/247821866/,Sovetskij,7,10000,Julija Bil'danova,9,1
31,0,  Aleksandra Kurynova,https://kazan.cian.ru/rent/flat/247560009/,Sovetskij,10,12000,Julija Barbashova,10,1
38,30, prospekt Jamasheva,https://kazan.cian.ru/rent/flat/247437602/,Novo-Savinovskij,6,12000,Julija Bil'danova,18,1
20,50,  Akademika Gubkina,https://kazan.cian.ru/rent/flat/247386499/,Sovetskij,1,11000,ID 14072608,2,1
54,30, prospekt Jamasheva,https://kazan.cian.ru/rent/flat/247821764/,Novo-Savinovskij,6,14000,Julija Bil'danova,9,2
32,50,  Riharda Zorge,https://kazan.cian.ru/rent/flat/245518604/,Sovetskij,3,12000,HAWAII,5,1
20,50,  Akademika Gubkina,https://kazan.cian.ru/rent/flat/247386499/,Sovetskij,1,11000,ID 14072608,2,1
54,30, prospekt Jamasheva,https://kazan.cian.ru/rent/flat/247821764/,Novo-Savinovskij,6,14000,Julija Bil'danova,9,2
32,50,  Riharda Zorge,https://kazan.cian.ru/rent/flat/245518604/,Sovetskij,3,12000,HAWAII,5,1
50,50,  Latyshskih Strelkov,https://kazan.cian.ru/rent/flat/247402443/,Sovetskij,4,15000,ID 12958547,5,2
36,0,  Mullanura Vahitova,https://kazan.cian.ru/rent/flat/246152692/,Kirovskij,4,15000,Tretij Rim,6,1
32,50, Tetsevskaja ,https://kazan.cian.ru/rent/flat/247500962/,Aviastroitel'nyj,7,13000,HAWAII,10,1
35,50,  Zarja,https://kazan.cian.ru/rent/flat/247208133/,Sovetskij,2,13000,Tretij Rim,5,1
15,40,  Gudovantseva,https://kazan.cian.ru/rent/flat/241398460/,Aviastroitel'nyj,3,10000,ID 16138475,5,1
52,30,  Fatyha Amirhana,https://kazan.cian.ru/rent/flat/245526312/,Novo-Savinovskij,5,12000,Julija Bil'danova,9,2
31,50,  Rauisa Gareeva,https://kazan.cian.ru/rent/flat/243645474/,Privolzhskij,3,14000,Tretij Rim,23,1
39,50,  Fatyha Amirhana,https://kazan.cian.ru/rent/flat/227651008/,Novo-Savinovskij,4,12000,Artur Garifullin,9,1
36,50,  Lukina,https://kazan.cian.ru/rent/flat/246756891/,Aviastroitel'nyj,1,12500,Marat Burganov,10,1
32,50, Belomorskaja ,https://kazan.cian.ru/rent/flat/247500330/,Aviastroitel'nyj,10,12000,HAWAII,16,1
32,50,  Safiullina,https://kazan.cian.ru/rent/flat/243239866/,Privolzhskij,7,13000,Tretij Rim,9,1
30,50, Kollektivnaja ,https://kazan.cian.ru/rent/flat/244515014/,Novo-Savinovskij,3,11000,Oleg Kir'janov,5,1
37,50,  Kulahmetova,https://kazan.cian.ru/rent/flat/240138567/,Kirovskij,4,14000,ID 19482669,5,1
49,50,  Kosmonavtov,https://kazan.cian.ru/rent/flat/247436339/,Sovetskij,4,12000,Tretij Rim,5,2
40,50,  Husaina Mavljutova,https://kazan.cian.ru/rent/flat/247640744/,Privolzhskij,5,12000,Tretij Rim,10,1
35,50,  Vorovskogo,https://kazan.cian.ru/rent/flat/246584660/,Novo-Savinovskij,4,12000,HAWAII,5,1
36,100,  Safiullina,https://kazan.cian.ru/rent/flat/247170257/,Privolzhskij,4,15000,Las Vegas,9,1
28,50,  8 Marta,https://kazan.cian.ru/rent/flat/247746564/,Sovetskij,3,13000,Poisk,5,1
32,50,  Latyshskih Strelkov,https://kazan.cian.ru/rent/flat/243167019/,Sovetskij,14,14000,Tretij Rim,14,1
38,30,  Adoratskogo,https://kazan.cian.ru/rent/flat/243136950/,Novo-Savinovskij,5,11000,Julija Bil'danova,9,1
44,30, prospekt Ibragimova,https://kazan.cian.ru/rent/flat/247504160/,Moskovskij,3,12000,Dmitrij Mokeev,5,2
30,50,  Gudovantseva,https://kazan.cian.ru/rent/flat/246856848/,Moskovskij,3,13000,HAWAII,5,1
37,50,  Juliusa Fuchika,https://kazan.cian.ru/rent/flat/243239876/,Privolzhskij,2,14000,Tretij Rim,14,1
37,30,  Akademika Lavrent'eva,https://kazan.cian.ru/rent/flat/247895738/,Novo-Savinovskij,7,11000,Julija Bil'danova,9,1
35,50,  40 let Oktjabrja,https://kazan.cian.ru/rent/flat/247402548/,Kirovskij,3,11000,ID 12958547,5,1
35,50,  Gavrilova,https://kazan.cian.ru/rent/flat/244586602/,Novo-Savinovskij,7,12000,Poisk,9,1
42,0, Minskaja ,https://kazan.cian.ru/rent/flat/243385001/,Sovetskij,9,14000,Tretij Rim,10,2
45,30,  Galimdzhana Barudi,https://kazan.cian.ru/rent/flat/247626166/,Kirovskij,4,11000,Julija Bil'danova,9,1
34,50,  Marshala Chujkova,https://kazan.cian.ru/rent/flat/247073862/,Novo-Savinovskij,1,10000,Oleg Kir'janov,9,1
34,50,  Lazareva,https://kazan.cian.ru/rent/flat/245511208/,Kirovskij,3,13000,ID 12865930,5,1
35,50, Soldatskaja ,https://kazan.cian.ru/rent/flat/246126019/,Moskovskij,2,13000,ID 11085747,9,1
29,50,  Patrisa Lumumby,https://kazan.cian.ru/rent/flat/243742849/,Sovetskij,4,13000,Tretij Rim,5,1
40,50, prospekt Jamasheva,https://kazan.cian.ru/rent/flat/247248523/,Novo-Savinovskij,5,13000,Artur Garifullin,9,1
36,50,  Chetaeva,https://kazan.cian.ru/rent/flat/244556918/,Novo-Savinovskij,6,10000,ID 28840355,8,1
31,50, Okol'naja ,https://kazan.cian.ru/rent/flat/246129320/,Moskovskij,2,11000,ID 11560618,5,1
45,50,  Dekabristov,https://kazan.cian.ru/rent/flat/247459230/,Moskovskij,2,14000,MEGALIT,5,2
30,50,  Dement'eva,https://kazan.cian.ru/rent/flat/246813274/,Aviastroitel'nyj,2,14000,Marat Burganov,9,1
32,50,  Batyrshina,https://kazan.cian.ru/rent/flat/246564136/,Kirovskij,3,12000,HAWAII,5,1
19,50,  2-ja Gazovaja,https://kazan.cian.ru/rent/flat/244424920/,Privolzhskij,4,14500,ID 48629108,5,1
30,50,  Magistral'naja,https://kazan.cian.ru/rent/flat/246271211/,Sovetskij,2,13000,ID 12865930,10,1
38,50,  Serova,https://kazan.cian.ru/rent/flat/246788981/,Moskovskij,5,13000,Poisk,9,1
36,50,  Komissara Gabisheva,https://kazan.cian.ru/rent/flat/244363830/,Privolzhskij,5,11000,Marat Burganov,9,1
32,50,  Novatorov,https://kazan.cian.ru/rent/flat/243742841/,Sovetskij,5,12000,Tretij Rim,5,1
36,50,  Dubravnaja,https://kazan.cian.ru/rent/flat/246024305/,Privolzhskij,1,13000,ID 12865930,10,1
39,100,  Akademika Glushko,https://kazan.cian.ru/rent/flat/245062427/,Sovetskij,1,14000,Las Vegas,9,1
37,50, Spartakovskaja ,https://kazan.cian.ru/rent/flat/240059532/,Privolzhskij,2,15000,ID 19482669,5,1
60,50,  Zilantovskaja,https://kazan.cian.ru/rent/flat/247907876/,Kirovskij,12,11000,Oleg Kir'janov,20,2
20,50,  Nursultana Nazarbaeva,https://kazan.cian.ru/rent/flat/247771304/,Vahitovskij,1,13500,ID 12865930,9,1
30,50,  Vorovskogo,https://kazan.cian.ru/rent/flat/217772723/,Moskovskij,5,15000,Oleg Kir'janov,5,1
23,50,  2-ja Daurskaja,https://kazan.cian.ru/rent/flat/247829035/,Sovetskij,4,11000,HAWAII,5,1
37,0,  Riharda Zorge,https://kazan.cian.ru/rent/flat/245531651/,Privolzhskij,8,14000,Portal,10,1
30,50,  Serova,https://kazan.cian.ru/rent/flat/247771299/,Moskovskij,5,12500,ID 12865930,9,1
30,50,  Adelja Kutuja,https://kazan.cian.ru/rent/flat/247888254/,Sovetskij,3,12000,HAWAII,5,1
30,50,  Adelja Kutuja,https://kazan.cian.ru/rent/flat/247888254/,Sovetskij,3,12000,HAWAII,5,1
36,50,  Brat'ev Kasimovyh,https://kazan.cian.ru/rent/flat/242994994/,Privolzhskij,4,14000,Tretij Rim,5,1
36,100,  Gagarina,https://kazan.cian.ru/rent/flat/247386603/,Moskovskij,2,15000,Las Vegas,5,1
32,50, Chistopol'skaja ,https://kazan.cian.ru/rent/flat/243888555/,Novo-Savinovskij,5,15000,Tretij Rim,16,1
30,50, Gvardejskaja ,https://kazan.cian.ru/rent/flat/241600382/,Sovetskij,3,11000,Oleg Kir'janov,5,1
44,50,  Fatyha Amirhana,https://kazan.cian.ru/rent/flat/246598725/,Novo-Savinovskij,7,20000,MEGALIT,18,1
47,50,  Akademika Zavojskogo,https://kazan.cian.ru/rent/flat/203993782/,Privolzhskij,7,15000,ID 9934072,16,1
36,40,  Il'icha,https://kazan.cian.ru/rent/flat/245488628/,Kirovskij,7,12000,ID 62832556,9,1
51,0,  Ajdarova,https://kazan.cian.ru/rent/flat/246881096/,Aviastroitel'nyj,12,15000,ID 62573152,16,1
36,50, Gor'kovskoe shosse,https://kazan.cian.ru/rent/flat/225985420/,Kirovskij,5,11000,ID 48426705,5,1
33,50,  Olega Koshevogo,https://kazan.cian.ru/rent/flat/245997204/,Aviastroitel'nyj,3,14000,Marat Burganov,5,1
36,50, prospekt Pobedy,https://kazan.cian.ru/rent/flat/205564562/,Privolzhskij,6,15000,MEGALIT,9,1
40,50,  Adoratskogo,https://kazan.cian.ru/rent/flat/245960073/,Novo-Savinovskij,1,14000,Marat Burganov,9,1
22,50,  Himikov,https://kazan.cian.ru/rent/flat/244020469/,Moskovskij,3,11000,Oleg Kir'janov,5,1
32,0, Novo-Svetlaja ,https://kazan.cian.ru/rent/flat/246887766/,Kirovskij,4,15000,ID 4193548,9,1
30,42,  Ajdarova,https://kazan.cian.ru/rent/flat/237489997/,Aviastroitel'nyj,4,12000,ID 16138475,9,1
33,42,  Mira,https://kazan.cian.ru/rent/flat/236223850/,Sovetskij,1,12000,ID 16138475,5,1
14,40,  Kachalova,https://kazan.cian.ru/rent/flat/247955944/,Privolzhskij,4,12500,ID 16138475,5,1
16,45, Belomorskaja ,https://kazan.cian.ru/rent/flat/231312823/,Moskovskij,5,10000,ID 16138475,5,1
32,50, Daurskaja ,https://kazan.cian.ru/rent/flat/243897757/,Sovetskij,4,14000,Tretij Rim,5,1
32,50, Poperechno-Bazarnaja ,https://kazan.cian.ru/rent/flat/243892344/,Kirovskij,3,12000,Tretij Rim,9,1
35,50,  Magistral'naja,https://kazan.cian.ru/rent/flat/238516035/,Sovetskij,8,16000,Julija Babanova,10,1
38,50,  Kulahmetova,https://kazan.cian.ru/rent/flat/244364609/,Moskovskij,3,14000,Marat Burganov,6,1
36,50,  Akademika Zavojskogo,https://kazan.cian.ru/rent/flat/247459723/,Sovetskij,5,15000,Tretij Rim,10,1
18,30,  Marshala Chujkova,https://kazan.cian.ru/rent/flat/246647797/,Novo-Savinovskij,3,8000,Denis Gubko,9,1
33,30,  Tatarstan,https://kazan.cian.ru/rent/flat/245110019/,Vahitovskij,3,9000,Julija Bil'danova,5,1
18,50,  Gudovantseva,https://kazan.cian.ru/rent/flat/233790150/,Aviastroitel'nyj,4,9000,ID 19482669,5,1
36,30, prospekt Pobedy,https://kazan.cian.ru/rent/flat/246650415/,Privolzhskij,5,10000,Denis Gubko,14,1
36,30, prospekt Pobedy,https://kazan.cian.ru/rent/flat/246650415/,Privolzhskij,5,10000,Denis Gubko,14,1
45,0, Birjuzovaja ,https://kazan.cian.ru/rent/flat/171121783/,Kirovskij,6,9000,ID 12907077,10,1
38,30, Chistopol'skaja ,https://kazan.cian.ru/rent/flat/245183107/,Novo-Savinovskij,5,11000,Denis Gubko,9,1
37,30,  2-ja Jugo-Zapadnaja,https://kazan.cian.ru/rent/flat/245182751/,Kirovskij,4,11000,Denis Gubko,9,1
37,30,  Pavljuhina,https://kazan.cian.ru/rent/flat/247076644/,Privolzhskij,5,11000,Denis Gubko,11,1
37,30,  Chetaeva,https://kazan.cian.ru/rent/flat/247282470/,Novo-Savinovskij,3,11000,Julija Bil'danova,9,1
42,30, Komsomol'skaja ,https://kazan.cian.ru/rent/flat/244807322/,Kirovskij,9,12000,Julija Bil'danova,24,1
38,30,  Nikolaja Ershova,https://kazan.cian.ru/rent/flat/246720653/,Sovetskij,6,12000,Julija Bil'danova,10,1
35,50,  Korolenko,https://kazan.cian.ru/rent/flat/244351346/,Novo-Savinovskij,7,12000,ID 11072497,9,1
40,30, Chistopol'skaja ,https://kazan.cian.ru/rent/flat/245972235/,Novo-Savinovskij,5,12000,Denis Gubko,9,1
35,50,  Litvinova,https://kazan.cian.ru/rent/flat/243817383/,Aviastroitel'nyj,4,11000,HAWAII,9,1
46,30,  Tatarstan,https://kazan.cian.ru/rent/flat/245657216/,Vahitovskij,3,13000,Denis Gubko,5,2
42,30,  Simonova,https://kazan.cian.ru/rent/flat/232927347/,Aviastroitel'nyj,3,11000,ID 19482669,16,1
12,0, Tehnicheskaja ,https://kazan.cian.ru/rent/flat/244193395/,Privolzhskij,2,13500,ID 27605082,5,1
30,50,  Hadi Taktasha,https://kazan.cian.ru/rent/flat/247388325/,Vahitovskij,3,11000,Landysh Nasibullina,5,1
55,30,  Safiullina,https://kazan.cian.ru/rent/flat/245182276/,Privolzhskij,8,14000,Denis Gubko,9,2
58,30,  Gavrilova,https://kazan.cian.ru/rent/flat/245413180/,Novo-Savinovskij,6,14000,Denis Gubko,9,2
60,50,  Saban,https://kazan.cian.ru/rent/flat/243053466/,Moskovskij,8,15000,ID 12334809,10,2
85,50, Tovarischeskaja ,https://kazan.cian.ru/rent/flat/243531541/,Vahitovskij,4,25000,Julija Babanova,5,3
40,50,  Nigmatullina,https://kazan.cian.ru/rent/flat/217929232/,Novo-Savinovskij,7,22000,MEGALIT,14,1
30,42,  Mira,https://kazan.cian.ru/rent/flat/247755112/,Sovetskij,5,12000,ID 16138475,9,1
40,50,  Akademika Zavojskogo,https://kazan.cian.ru/rent/flat/247430088/,Sovetskij,5,14000,Tretij Rim,9,1
45,50,  Juliusa Fuchika,https://kazan.cian.ru/rent/flat/243440577/,Privolzhskij,2,14000,Tretij Rim,18,1
52,50, prospekt Jamasheva,https://kazan.cian.ru/rent/flat/244161367/,Novo-Savinovskij,2,21000,MEGALIT,9,2
17,50,  Dezhneva,https://kazan.cian.ru/rent/flat/247935550/,Kirovskij,5,14000,ID 12865930,5,1
35,50, Minskaja ,https://kazan.cian.ru/rent/flat/247935552/,Sovetskij,1,15000,ID 12865930,10,1
50,0,  Akademika Zavojskogo,https://kazan.cian.ru/rent/flat/247524772/,Sovetskij,7,15000,ID 62197636,10,1
33,50, Jagodinskaja ,https://kazan.cian.ru/rent/flat/243550193/,Kirovskij,3,13000,Artur Garifullin,5,1
35,50, Minskaja ,https://kazan.cian.ru/rent/flat/247935552/,Sovetskij,1,15000,ID 12865930,10,1
50,0,  Akademika Zavojskogo,https://kazan.cian.ru/rent/flat/247524772/,Sovetskij,7,15000,ID 62197636,10,1
33,50, Jagodinskaja ,https://kazan.cian.ru/rent/flat/243550193/,Kirovskij,3,13000,Artur Garifullin,5,1
35,50,  Tansyk,https://kazan.cian.ru/rent/flat/244647136/,Kirovskij,12,12000,ID 12865930,18,1
32,50,  2-ja Azinskaja,https://kazan.cian.ru/rent/flat/246631554/,Sovetskij,8,12000,ID 12865930,15,1
25,40, Belomorskaja ,https://kazan.cian.ru/rent/flat/238187029/,Moskovskij,3,10000,ID 16138475,5,1
24,45, Belomorskaja ,https://kazan.cian.ru/rent/flat/231590064/,Moskovskij,3,11000,ID 16138475,5,1
65,50,  Syrtlanovoj,https://kazan.cian.ru/rent/flat/240947777/,Privolzhskij,5,22000,MEGALIT,9,3
20,50,  2-ja Gazovaja,https://kazan.cian.ru/rent/flat/244361022/,Privolzhskij,3,14000,Marat Burganov,5,1
32,50,  Sedova,https://kazan.cian.ru/rent/flat/243819062/,Sovetskij,7,13000,Tretij Rim,18,1
28,50, Tehnicheskaja ,https://kazan.cian.ru/rent/flat/247888907/,Privolzhskij,4,11500,HAWAII,5,1
15,50, Enisejskaja ,https://kazan.cian.ru/rent/flat/247746189/,Moskovskij,2,13000,Poisk,3,1
59,0, prospekt Pobedy,https://kazan.cian.ru/rent/flat/243357092/,Privolzhskij,6,14000,Tretij Rim,9,1
30,50,  Arhitektora Gajnutdinova,https://kazan.cian.ru/rent/flat/240569178/,Sovetskij,7,14000,Rajhana Geront'eva,17,1
40,30,  Sibgata Hakima,https://kazan.cian.ru/rent/flat/247894984/,Novo-Savinovskij,5,12000,Julija Bil'danova,9,1
33,50, Novo-Azinskaja ,https://kazan.cian.ru/rent/flat/243758243/,Sovetskij,5,15000,ID 9934072,5,1
13,50,  Gudovantseva,https://kazan.cian.ru/rent/flat/247921116/,Moskovskij,3,10000,ID 16138475,5,1
19,50, Oktjabr'skaja ,https://kazan.cian.ru/rent/flat/243645471/,Novo-Savinovskij,2,15000,Tretij Rim,15,1
35,50,  Nailja Jusupova,https://kazan.cian.ru/rent/flat/247916559/,Kirovskij,17,11000,HAWAII,18,1
44,49,  Alekseja Kozina,https://kazan.cian.ru/rent/flat/247781227/,Novo-Savinovskij,7,24000,Il'nar Avers,20,1
40,100,  Juliusa Fuchika,https://kazan.cian.ru/rent/flat/247170351/,Privolzhskij,4,15000,Las Vegas,10,1
12,50, Molodezhnaja ,https://kazan.cian.ru/rent/flat/246906098/,Aviastroitel'nyj,1,12000,ID 12865930,5,1
32,50, Ujutnaja ,https://kazan.cian.ru/rent/flat/243239870/,Privolzhskij,5,13000,Tretij Rim,19,1
36,50,  Litvinova,https://kazan.cian.ru/rent/flat/247734723/,Aviastroitel'nyj,5,14000,ID 12865930,9,1
35,50, prospekt Pobedy,https://kazan.cian.ru/rent/flat/247828969/,Sovetskij,10,12000,HAWAII,15,1
32,50,  Zur Uram,https://kazan.cian.ru/rent/flat/227858238/,Sovetskij,1,12000,ID 11425264,2,1
38,48,  Kalinina,https://kazan.cian.ru/rent/flat/231143868/,Vahitovskij,2,32000,Il'nar Avers,10,1
36,40,  Pobezhimova,https://kazan.cian.ru/rent/flat/238187598/,Aviastroitel'nyj,6,13000,ID 16138475,9,1
26,40,  Mira,https://kazan.cian.ru/rent/flat/247909728/,Sovetskij,8,10000,ID 16138475,9,1
32,50,  Noksinskij Spusk,https://kazan.cian.ru/rent/flat/243793145/,Sovetskij,16,14000,Tretij Rim,20,1
36,50,  Chishmjale,https://kazan.cian.ru/rent/flat/243593441/,Sovetskij,9,14000,Tretij Rim,10,1
32,50,  Chetaeva,https://kazan.cian.ru/rent/flat/243742882/,Novo-Savinovskij,6,14000,Tretij Rim,10,1
78,50,  Nikolaja Ershova,https://kazan.cian.ru/rent/flat/241593775/,Sovetskij,7,25000,MEGALIT,8,2
20,50,  Gudovantseva,https://kazan.cian.ru/rent/flat/247491613/,Moskovskij,3,10000,Tretij Rim,5,1
41,50, Minskaja ,https://kazan.cian.ru/rent/flat/243452571/,Sovetskij,9,14000,Tretij Rim,10,1
34,50,  Olega Koshevogo,https://kazan.cian.ru/rent/flat/245462132/,Aviastroitel'nyj,2,14000,ID 47522234,5,1
36,50,  Fatyha Amirhana,https://kazan.cian.ru/rent/flat/243796652/,Novo-Savinovskij,7,14000,Tretij Rim,10,1
55,50,  Adelja Kutuja,https://kazan.cian.ru/rent/flat/247751593/,Sovetskij,6,18000,Tsentral'noe agentstvo nedvizhimosti,10,2
35,50,  Akademika Zavojskogo,https://kazan.cian.ru/rent/flat/244688619/,Privolzhskij,2,13000,Arslan,9,1
45,30,  2-ja Staro-Arakchinskaja,https://kazan.cian.ru/rent/flat/247924370/,Kirovskij,3,17500,IZUMRUD,5,1
36,50,  Juliusa Fuchika,https://kazan.cian.ru/rent/flat/247899469/,Privolzhskij,5,15000,Tretij Rim,10,1
50,50,  Akademika Zavojskogo,https://kazan.cian.ru/rent/flat/247885639/,Sovetskij,9,17000,Tsentral'noe agentstvo nedvizhimosti,10,2
30,50, prospekt Ibragimova,https://kazan.cian.ru/rent/flat/247454171/,Novo-Savinovskij,7,15000,MEGALIT,9,1
33,50, Svetlaja ,https://kazan.cian.ru/rent/flat/247923013/,Kirovskij,2,11000,IZUMRUD,5,1
46,50,  Noksinskij Spusk,https://kazan.cian.ru/rent/flat/247840158/,Sovetskij,4,13000,MEGALIT,18,1
56,50,  Kul Gali,https://kazan.cian.ru/rent/flat/247578071/,Privolzhskij,5,13000,Tretij Rim,9,2
52,50,  Riharda Zorge,https://kazan.cian.ru/rent/flat/247683632/,Privolzhskij,2,15000,Tretij Rim,5,2
40,50, Professora Kamaja ,https://kazan.cian.ru/rent/flat/247941546/,Privolzhskij,2,14000,Las Vegas,19,1
35,50,  Serova,https://kazan.cian.ru/rent/flat/247883820/,Moskovskij,5,13000,ID 16121519,9,1
38,50,  Rauisa Gareeva,https://kazan.cian.ru/rent/flat/247957375/,Privolzhskij,8,13000,Tretij Rim,14,1
35,50,  Juliusa Fuchika,https://kazan.cian.ru/rent/flat/243593456/,Sovetskij,10,14000,Tretij Rim,11,1
32,50, prospekt Ibragimova,https://kazan.cian.ru/rent/flat/243897766/,Novo-Savinovskij,5,14000,Tretij Rim,5,1
36,50, Tetsevskaja ,https://kazan.cian.ru/rent/flat/247818794/,Aviastroitel'nyj,4,13000,Tretij Rim,10,1
44,50,  Zur Uram,https://kazan.cian.ru/rent/flat/247825631/,Sovetskij,6,14000,Las Vegas,8,1
44,50,  Kul Gali,https://kazan.cian.ru/rent/flat/245031147/,Privolzhskij,7,18000,MEGALIT,10,1
35,100,  Akademika Zavojskogo,https://kazan.cian.ru/rent/flat/247707263/,Privolzhskij,2,13000,Arslan,9,1
30,50, prospekt Ibragimova,https://kazan.cian.ru/rent/flat/247454171/,Novo-Savinovskij,7,15000,MEGALIT,9,1
55,50,  Noksinskij Spusk,https://kazan.cian.ru/rent/flat/247582254/,Sovetskij,4,15000,Tretij Rim,16,2
39,50,  Musina,https://kazan.cian.ru/rent/flat/197795057/,Novo-Savinovskij,6,12000,ID 16413953,9,1
35,50,  Serova,https://kazan.cian.ru/rent/flat/247957409/,Moskovskij,5,13000,ID 16121519,9,1
33,42,  Mira,https://kazan.cian.ru/rent/flat/236223850/,Sovetskij,1,12000,ID 16138475,5,1
35,50,  Serova,https://kazan.cian.ru/rent/flat/247883820/,Moskovskij,5,13000,ID 16121519,9,1
15,50, Enisejskaja ,https://kazan.cian.ru/rent/flat/247746189/,Moskovskij,2,13000,Poisk,3,1
28,50,  8 Marta,https://kazan.cian.ru/rent/flat/247746564/,Sovetskij,3,13000,Poisk,5,1
38,50,  Serova,https://kazan.cian.ru/rent/flat/246788981/,Moskovskij,5,13000,Poisk,9,1
35,50,  Gavrilova,https://kazan.cian.ru/rent/flat/244586602/,Novo-Savinovskij,7,12000,Poisk,9,1
20,50,  Sedova,https://kazan.cian.ru/rent/flat/244406466/,Sovetskij,5,12000,Poisk,5,1
32,50,  Latyshskih Strelkov,https://kazan.cian.ru/rent/flat/247519457/,Sovetskij,3,15000,Artur Garifullin,5,1
35,50, Kirpichnaja ,https://kazan.cian.ru/rent/flat/229230040/,Sovetskij,2,15000,ID 12958547,3,2
45,50,  Pobezhimova,https://kazan.cian.ru/rent/flat/232204449/,Aviastroitel'nyj,5,15000,Artur Garifullin,10,1
17,50,  Chetaeva,https://kazan.cian.ru/rent/flat/247620737/,Novo-Savinovskij,1,15000,ID 16121519,10,1
32,50, Tetsevskaja ,https://kazan.cian.ru/rent/flat/247500962/,Aviastroitel'nyj,7,13000,HAWAII,10,1
35,0,  Saban,https://kazan.cian.ru/rent/flat/247424780/,Moskovskij,10,15000,AN Partnery,10,1
40,50,  Hadi Taktasha,https://kazan.cian.ru/rent/flat/247403189/,Privolzhskij,14,12000,ID 12958547,18,1
50,50,  Latyshskih Strelkov,https://kazan.cian.ru/rent/flat/247402443/,Sovetskij,4,15000,ID 12958547,5,2
38,0, Militsejskaja ,https://kazan.cian.ru/rent/flat/245180113/,Kirovskij,2,13000,HAWAII,4,1
37,50,  Juliusa Fuchika,https://kazan.cian.ru/rent/flat/245101921/,Privolzhskij,5,13000,HAWAII,10,1
25,50,  2-ja Daurskaja,https://kazan.cian.ru/rent/flat/245129899/,Sovetskij,3,13000,HAWAII,5,1
27,50,  Riharda Zorge,https://kazan.cian.ru/rent/flat/245828673/,Privolzhskij,3,13000,HAWAII,5,1
33,50,  Himikov,https://kazan.cian.ru/rent/flat/245985634/,Moskovskij,4,12500,HAWAII,5,1
52,50,  Viktora Sazhinova,https://kazan.cian.ru/rent/flat/246117539/,Kirovskij,11,12000,HAWAII,18,2
45,50,  Golubjatnikova,https://kazan.cian.ru/rent/flat/246646410/,Novo-Savinovskij,3,13000,HAWAII,5,1
32,0, Novo-Svetlaja ,https://kazan.cian.ru/rent/flat/246887766/,Kirovskij,4,15000,ID 4193548,9,1
23,50,  Chetaeva,https://kazan.cian.ru/rent/flat/247097393/,Novo-Savinovskij,8,13000,HAWAII,10,1
37,50,  Arhitektora Gajnutdinova,https://kazan.cian.ru/rent/flat/240981502/,Sovetskij,10,13000,Oleg Kir'janov,18,1
60,50,  Saban,https://kazan.cian.ru/rent/flat/243053466/,Moskovskij,8,15000,ID 12334809,10,2
35,50,  Akademika Parina,https://kazan.cian.ru/rent/flat/246857081/,Privolzhskij,8,12000,HAWAII,10,1
30,50,  Gudovantseva,https://kazan.cian.ru/rent/flat/246856848/,Moskovskij,3,13000,HAWAII,5,1
33,50,  Husaina Mavljutova,https://kazan.cian.ru/rent/flat/246780145/,Privolzhskij,3,15000,ID 46097728,5,1
35,50,  Dekabristov,https://kazan.cian.ru/rent/flat/246779848/,Moskovskij,3,15000,ID 46097728,9,1
36,50,  Lukina,https://kazan.cian.ru/rent/flat/246756891/,Aviastroitel'nyj,1,12500,Marat Burganov,10,1
35,50,  Husaina Mavljutova,https://kazan.cian.ru/rent/flat/246749273/,Privolzhskij,2,15000,Marat Burganov,5,1
30,50,  Tolbuhina,https://kazan.cian.ru/rent/flat/240261765/,Sovetskij,3,15000,Oleg Kir'janov,10,1
68,30,  Sibgata Hakima,https://kazan.cian.ru/rent/flat/246044730/,Novo-Savinovskij,7,15000,Julija Bil'danova,16,2
30,50,  Vorovskogo,https://kazan.cian.ru/rent/flat/217772723/,Moskovskij,5,15000,Oleg Kir'janov,5,1
54,50,  Vishnevskogo,https://kazan.cian.ru/rent/flat/240550416/,Vahitovskij,6,15000,Oleg Kir'janov,10,2
34,50,  Akademika Saharova,https://kazan.cian.ru/rent/flat/244802697/,Sovetskij,5,13000,Oleg Kir'janov,9,1
40,50,  Juliusa Fuchika,https://kazan.cian.ru/rent/flat/242870928/,Sovetskij,5,13000,ID 19482669,10,1
76,30, Chistopol'skaja ,https://kazan.cian.ru/rent/flat/245111808/,Novo-Savinovskij,7,15000,Julija Bil'danova,16,2
30,50,  Vosstanija,https://kazan.cian.ru/rent/flat/205664596/,Moskovskij,8,15000,ID 233266,24,1
39,30, proezd Jaratkan,https://kazan.cian.ru/rent/flat/244324623/,Sovetskij,5,15000,Julija Bil'danova,24,1
47,50,  Akademika Zavojskogo,https://kazan.cian.ru/rent/flat/203993782/,Privolzhskij,7,15000,ID 9934072,16,1
38,50,  Akademika Koroleva,https://kazan.cian.ru/rent/flat/244270337/,Moskovskij,3,12000,Marat Burganov,5,1
55,30, prospekt Jamasheva,https://kazan.cian.ru/rent/flat/243793636/,Novo-Savinovskij,4,15000,Dmitrij Mokeev,10,2
33,50, Novo-Azinskaja ,https://kazan.cian.ru/rent/flat/243758243/,Sovetskij,5,15000,ID 9934072,5,1
33,50, Gvardejskaja ,https://kazan.cian.ru/rent/flat/242646354/,Sovetskij,1,15000,ID 9934072,5,1
38,50,  Noksinskij Spusk,https://kazan.cian.ru/rent/flat/227191097/,Sovetskij,5,13000,ID 9934072,10,1
40,50, Minskaja ,https://kazan.cian.ru/rent/flat/203599294/,Sovetskij,3,13000,ID 9934072,10,1
33,50, Olonetskaja ,https://kazan.cian.ru/rent/flat/241316241/,Sovetskij,4,15000,ID 9882706,5,1
37,50, Spartakovskaja ,https://kazan.cian.ru/rent/flat/240059532/,Privolzhskij,2,15000,ID 19482669,5,1
37,30,  Dekabristov,https://kazan.cian.ru/rent/flat/233788748/,Moskovskij,3,15000,ID 19482669,5,1
50,0,  Akademika Zavojskogo,https://kazan.cian.ru/rent/flat/247524772/,Sovetskij,7,15000,ID 62197636,10,1
51,0,  Ajdarova,https://kazan.cian.ru/rent/flat/246881096/,Aviastroitel'nyj,12,15000,ID 62573152,16,1
36,40,  Il'icha,https://kazan.cian.ru/rent/flat/245488628/,Kirovskij,7,12000,ID 62832556,9,1
40,50,  Dubravnaja,https://kazan.cian.ru/rent/flat/245139104/,Privolzhskij,8,15000,ID 46993370,14,1
45,50,  Kommunarov,https://kazan.cian.ru/rent/flat/235831405/,Kirovskij,9,15000,ID 11194009,10,1
36,0,  Zur Uram,https://kazan.cian.ru/rent/flat/243584170/,Sovetskij,9,15000,ID 55398960,10,1
72,0,  Riharda Zorge,https://kazan.cian.ru/rent/flat/240508453/,Privolzhskij,8,11000,Sobstvennik,19,2
39,49, Kolomenskaja ,https://kazan.cian.ru/rent/flat/234143278/,Moskovskij,3,15000,ID 15551923,5,1
33,50,  Marshala Chujkova,https://kazan.cian.ru/rent/flat/247824100/,Novo-Savinovskij,8,15500,Tretij Rim,9,1
35,50,  Marshala Chujkova,https://kazan.cian.ru/rent/flat/243448410/,Novo-Savinovskij,3,13000,Poisk,9,1
36,50,  Riharda Zorge,https://kazan.cian.ru/rent/flat/247529826/,Sovetskij,3,13000,Poisk,9,1
53,50, Minskaja ,https://kazan.cian.ru/rent/flat/238315925/,Sovetskij,3,13000,Adelina Mironova,9,2
40,50,  Narimanova,https://kazan.cian.ru/rent/flat/247310413/,Vahitovskij,1,15000,Artur Garifullin,9,1
50,50,  Dement'eva,https://kazan.cian.ru/rent/flat/247698610/,Aviastroitel'nyj,7,15000,Artur Garifullin,9,2
49,50,  Kosmonavtov,https://kazan.cian.ru/rent/flat/247347929/,Sovetskij,4,12000,HAWAII,5,2
42,50,  Andreja Ado,https://kazan.cian.ru/rent/flat/245407558/,Privolzhskij,11,13000,HAWAII,18,1
45,50, Krasnokokshajskaja ,https://kazan.cian.ru/rent/flat/245658250/,Kirovskij,4,13000,HAWAII,9,1
39,50,  Mira,https://kazan.cian.ru/rent/flat/245899279/,Sovetskij,2,13000,HAWAII,3,1
53,50,  Serova,https://kazan.cian.ru/rent/flat/245983130/,Moskovskij,6,13000,HAWAII,9,2
34,50,  Zarja,https://kazan.cian.ru/rent/flat/247075822/,Sovetskij,4,13000,HAWAII,5,1
36,49,  Kul Gali,https://kazan.cian.ru/rent/flat/247145250/,Privolzhskij,9,13999,ID 15636838,10,1
36,50,  Hajdara Bigicheva,https://kazan.cian.ru/rent/flat/247214907/,Sovetskij,12,13000,HAWAII,16,1
36,50, Minskaja ,https://kazan.cian.ru/rent/flat/246868277/,Sovetskij,10,13000,HAWAII,16,1
32,50,  Riharda Zorge,https://kazan.cian.ru/rent/flat/246739912/,Sovetskij,2,13000,HAWAII,2,1
44,50,  Vorovskogo,https://kazan.cian.ru/rent/flat/246529872/,Novo-Savinovskij,1,11000,Poisk,5,2
37,50,  Juliusa Fuchika,https://kazan.cian.ru/rent/flat/246161529/,Sovetskij,5,13000,ID 19482669,10,1
38,50, Oktjabr'skaja ,https://kazan.cian.ru/rent/flat/245916064/,Novo-Savinovskij,3,13500,Marat Burganov,5,1
50,40,  Akademika Glushko,https://kazan.cian.ru/rent/flat/244506617/,Sovetskij,14,13000,ID 16138475,16,1
32,50,  Novatorov,https://kazan.cian.ru/rent/flat/239938598/,Sovetskij,2,13000,ID 233266,5,1
30,50,  Rauisa Gareeva,https://kazan.cian.ru/rent/flat/242080921/,Privolzhskij,4,14000,ID 57298957,25,1
40,100,  Amet'evskaja magistral',https://kazan.cian.ru/rent/flat/246860558/,Sovetskij,22,16000,Las Vegas,24,1
37,50,  Nursultana Nazarbaeva,https://kazan.cian.ru/rent/flat/243645575/,Vahitovskij,4,16000,Tretij Rim,9,1
35,100,  Riharda Zorge,https://kazan.cian.ru/rent/flat/247994202/,Privolzhskij,1,16000,Las Vegas,9,1
54,50,  Brat'ev Kasimovyh,https://kazan.cian.ru/rent/flat/247565361/,Privolzhskij,4,16000,Tretij Rim,5,2
60,50,  Zakieva,https://kazan.cian.ru/rent/flat/247430096/,Sovetskij,9,16000,Tretij Rim,9,2
30,100, Tetsevskaja ,https://kazan.cian.ru/rent/flat/246708766/,Aviastroitel'nyj,7,16000,Las Vegas,10,1
45,100, Minskaja ,https://kazan.cian.ru/rent/flat/244671131/,Sovetskij,6,16000,Las Vegas,17,1
37,100,  Juliusa Fuchika,https://kazan.cian.ru/rent/flat/246952462/,Sovetskij,10,16000,Las Vegas,10,1
35,100,  Hajdara Bigicheva,https://kazan.cian.ru/rent/flat/244521849/,Sovetskij,4,16000,Las Vegas,7,1
40,100,  Rauisa Gareeva,https://kazan.cian.ru/rent/flat/244276488/,Privolzhskij,5,16000,Las Vegas,9,1
50,100,  Kul Gali,https://kazan.cian.ru/rent/flat/244986642/,Privolzhskij,1,16000,Las Vegas,9,2
44,100, Agronomicheskaja ,https://kazan.cian.ru/rent/flat/244184982/,Privolzhskij,1,16000,Las Vegas,9,1
41,50,  Juliusa Fuchika,https://kazan.cian.ru/rent/flat/247882184/,Sovetskij,6,16000,Las Vegas,10,1
35,50, Botanicheskaja ,https://kazan.cian.ru/rent/flat/241708162/,Privolzhskij,5,13000,Poisk,5,1
52,50,  Rashida Nezhmetdinova,https://kazan.cian.ru/rent/flat/247548276/,Sovetskij,2,14000,ID 12865930,18,1
37,0,  Absaljamova,https://kazan.cian.ru/rent/flat/246152682/,Novo-Savinovskij,4,16000,Tretij Rim,10,1
40,100, Daurskaja ,https://kazan.cian.ru/rent/flat/247026872/,Sovetskij,7,16000,Las Vegas,10,1
57,50,  Novosel'ja,https://kazan.cian.ru/rent/flat/243600471/,Sovetskij,17,16000,Tretij Rim,18,2
34,50,  Rauisa Gareeva,https://kazan.cian.ru/rent/flat/243910479/,Privolzhskij,6,16000,Tretij Rim,9,1
46,50, Chistopol'skaja ,https://kazan.cian.ru/rent/flat/243440608/,Novo-Savinovskij,10,16000,Tretij Rim,11,2
43,50,  Juliusa Fuchika,https://kazan.cian.ru/rent/flat/243317599/,Privolzhskij,6,16000,Tretij Rim,10,2
68,50,  Chetaeva,https://kazan.cian.ru/rent/flat/243159711/,Novo-Savinovskij,2,16000,Tretij Rim,8,3
46,50,  Dubravnaja,https://kazan.cian.ru/rent/flat/243313989/,Privolzhskij,4,16000,Tretij Rim,5,3
32,50,  Adoratskogo,https://kazan.cian.ru/rent/flat/243444550/,Novo-Savinovskij,5,16000,Tretij Rim,12,1
58,50,  Rauisa Gareeva,https://kazan.cian.ru/rent/flat/243604078/,Privolzhskij,6,16000,Tretij Rim,9,2
40,50,  Rodiny,https://kazan.cian.ru/rent/flat/243003353/,Sovetskij,11,16000,Tretij Rim,19,1
19,50,  Dekabristov,https://kazan.cian.ru/rent/flat/243229492/,Moskovskij,5,16000,Tretij Rim,5,1
42,50,  Brat'ev Kasimovyh,https://kazan.cian.ru/rent/flat/243949991/,Privolzhskij,3,16000,Tretij Rim,5,2
42,50, Ippodromnaja ,https://kazan.cian.ru/rent/flat/243901829/,Privolzhskij,2,16000,Tretij Rim,2,2
32,50,  Kul Gali,https://kazan.cian.ru/rent/flat/243239900/,Privolzhskij,3,16000,Tretij Rim,10,1
59,0,  Zarja,https://kazan.cian.ru/rent/flat/243729258/,Sovetskij,5,16000,Tretij Rim,5,2
42,50,  Chetaeva,https://kazan.cian.ru/rent/flat/243897723/,Novo-Savinovskij,5,16000,Tretij Rim,8,2
43,50,  Nursultana Nazarbaeva,https://kazan.cian.ru/rent/flat/243239912/,Privolzhskij,5,16000,Tretij Rim,5,2
41,50, prospekt Jamasheva,https://kazan.cian.ru/rent/flat/243593466/,Novo-Savinovskij,9,16000,Tretij Rim,10,1
40,0, Rotornaja ,https://kazan.cian.ru/rent/flat/242985038/,Privolzhskij,6,16000,Tretij Rim,19,2
45,0, Krasnokokshajskaja ,https://kazan.cian.ru/rent/flat/242862884/,Kirovskij,7,16000,Tretij Rim,14,1
36,50,  Medovaja,https://kazan.cian.ru/rent/flat/243729272/,Sovetskij,2,14000,Tretij Rim,3,1
44,50, Novo-Azinskaja ,https://kazan.cian.ru/rent/flat/243600470/,Sovetskij,2,16000,Tretij Rim,5,2
37,50,  Brat'ev Battalovyh,https://kazan.cian.ru/rent/flat/242866446/,Privolzhskij,5,16000,Tretij Rim,25,1
56,50,  Hadi Taktasha,https://kazan.cian.ru/rent/flat/243949986/,Vahitovskij,4,16000,Tretij Rim,5,3
39,50, Meridiannaja ,https://kazan.cian.ru/rent/flat/242994990/,Novo-Savinovskij,7,16000,Tretij Rim,10,1
54,50,  Akademika Saharova,https://kazan.cian.ru/rent/flat/243239924/,Sovetskij,6,16000,Tretij Rim,9,2
42,50,  Nikolaja Ershova,https://kazan.cian.ru/rent/flat/246795308/,Sovetskij,5,16000,Tretij Rim,9,1
38,50, Lomzhinskaja ,https://kazan.cian.ru/rent/flat/247284586/,Sovetskij,4,16000,Tretij Rim,9,1
48,50, Agronomicheskaja ,https://kazan.cian.ru/rent/flat/247743097/,Privolzhskij,4,16000,Tretij Rim,5,2
31,50, Shossejnaja ,https://kazan.cian.ru/rent/flat/244846786/,Kirovskij,5,13000,MEGALIT,5,1
34,50, Minskaja ,https://kazan.cian.ru/rent/flat/246906119/,Sovetskij,3,14000,ID 12865930,10,1
39,50,  Akademika Pavlova,https://kazan.cian.ru/rent/flat/247265446/,Aviastroitel'nyj,9,14000,ID 12865930,10,1
52,50,  Safiullina,https://kazan.cian.ru/rent/flat/247935547/,Privolzhskij,6,16000,ID 12865930,9,2
58,50,  Akademika Glushko,https://kazan.cian.ru/rent/flat/247935553/,Sovetskij,5,16000,ID 12865930,18,1
32,100,  Azata Abbasova,https://kazan.cian.ru/rent/flat/246072861/,Sovetskij,4,16000,Las Vegas,19,1
37,100,  Azata Abbasova,https://kazan.cian.ru/rent/flat/246072830/,Sovetskij,3,16000,Las Vegas,10,1
33,50, Magadanskaja ,https://kazan.cian.ru/rent/flat/247794012/,Vahitovskij,8,16000,MEGALIT,9,1
54,50, Krasnokokshajskaja ,https://kazan.cian.ru/rent/flat/247459730/,Kirovskij,1,16000,Tretij Rim,5,2
44,50,  Chkalova,https://kazan.cian.ru/rent/flat/247460855/,Kirovskij,3,14000,MEGALIT,5,2
34,100,  Chishmjale,https://kazan.cian.ru/rent/flat/247457912/,Sovetskij,3,16000,ID 33289805,10,1
38,50,  Akademika Pavlova,https://kazan.cian.ru/rent/flat/247105254/,Aviastroitel'nyj,1,13000,Poisk,10,1
35,50,  Cheljuskina,https://kazan.cian.ru/rent/flat/207910734/,Aviastroitel'nyj,3,12000,ID 16413953,5,1
46,50, prospekt Ibragimova,https://kazan.cian.ru/rent/flat/226087991/,Moskovskij,2,12000,ID 16413953,5,2
55,50,  Lukina,https://kazan.cian.ru/rent/flat/204875935/,Aviastroitel'nyj,4,12000,ID 16413953,9,2
28,50,  Energetikov,https://kazan.cian.ru/rent/flat/247890105/,Moskovskij,4,14000,HAWAII,5,1
40,50,  Natana Rahlina,https://kazan.cian.ru/rent/flat/247843470/,Sovetskij,3,16000,ID 17754089,18,1
34,50,  Batyrshina,https://kazan.cian.ru/rent/flat/247829575/,Moskovskij,7,13500,HAWAII,9,1
31,50, Oktjabr'skaja ,https://kazan.cian.ru/rent/flat/245034097/,Novo-Savinovskij,3,14000,Poisk,5,1
18,50,  Kul Gali,https://kazan.cian.ru/rent/flat/243442057/,Privolzhskij,7,16000,Poisk,9,1
36,42, Minskaja ,https://kazan.cian.ru/rent/flat/247825297/,Sovetskij,1,12000,ID 16138475,9,1
36,50,  Riharda Zorge,https://kazan.cian.ru/rent/flat/247823744/,Privolzhskij,3,15000,ID 17754089,14,1
47,50,  Akademika Glushko,https://kazan.cian.ru/rent/flat/246718456/,Sovetskij,7,12500,ID 11560618,16,1
40,50, Lomzhinskaja ,https://kazan.cian.ru/rent/flat/246882075/,Sovetskij,4,16000,Artur Garifullin,9,1
38,50,  Zur Uram,https://kazan.cian.ru/rent/flat/247747160/,Sovetskij,3,13000,ID 11425264,8,1
40,50,  Chishmjale,https://kazan.cian.ru/rent/flat/247742569/,Sovetskij,7,14000,Artur Garifullin,10,1
38,50,  Chingiza Ajtmatova,https://kazan.cian.ru/rent/flat/242610650/,Sovetskij,14,13000,ID 22464212,18,1
21,50, prospekt Pobedy,https://kazan.cian.ru/rent/flat/247239061/,Sovetskij,14,14000,HAWAII,18,1
35,50, Polevaja ,https://kazan.cian.ru/rent/flat/244498055/,Kirovskij,3,14000,HAWAII,5,1
42,50,  Zhurnalistov,https://kazan.cian.ru/rent/flat/245650590/,Sovetskij,5,14000,HAWAII,9,1
35,50,  Syrtlanovoj,https://kazan.cian.ru/rent/flat/245653373/,Privolzhskij,6,13500,HAWAII,9,1
33,50,  Juliusa Fuchika,https://kazan.cian.ru/rent/flat/246039367/,Privolzhskij,10,14000,HAWAII,14,1
25,50,  Pavljuhina,https://kazan.cian.ru/rent/flat/246589902/,Privolzhskij,4,14000,HAWAII,5,1
34,50,  Maksimova,https://kazan.cian.ru/rent/flat/247098983/,Aviastroitel'nyj,6,14000,HAWAII,9,1
41,50, Gvardejskaja ,https://kazan.cian.ru/rent/flat/246934124/,Sovetskij,7,16000,ID 54988553,10,1
57,50,  Dement'eva,https://kazan.cian.ru/rent/flat/246814391/,Aviastroitel'nyj,3,16000,Marat Burganov,5,2
41,50,  Chingiza Ajtmatova,https://kazan.cian.ru/rent/flat/246528221/,Sovetskij,12,14000,ID 11309396,18,1
56,50, Polevaja ,https://kazan.cian.ru/rent/flat/246602733/,Kirovskij,2,13000,Marat Burganov,5,2
52,50,  Dement'eva,https://kazan.cian.ru/rent/flat/246075830/,Aviastroitel'nyj,7,11000,Poisk,9,2
31,50,  Korolenko,https://kazan.cian.ru/rent/flat/246039031/,Novo-Savinovskij,2,13000,ID 11425264,5,1
43,50,  Chingiza Ajtmatova,https://kazan.cian.ru/rent/flat/246002774/,Sovetskij,7,14000,Marat Burganov,18,1
42,50,  Chapaeva,https://kazan.cian.ru/rent/flat/246001548/,Aviastroitel'nyj,5,16000,Marat Burganov,10,1
35,50,  Juliusa Fuchika,https://kazan.cian.ru/rent/flat/245831212/,Sovetskij,8,13000,Oleg Kir'janov,10,1
18,50,  2-ja Daurskaja,https://kazan.cian.ru/rent/flat/234721266/,Sovetskij,5,16000,ID 9882706,5,1
45,50, Bakalejnaja ,https://kazan.cian.ru/rent/flat/244910849/,Moskovskij,13,16000,ID 233266,16,1
55,30,  Gavrilova,https://kazan.cian.ru/rent/flat/202996916/,Novo-Savinovskij,6,16000,ID 21949778,10,2
42,30,  Dekabristov,https://kazan.cian.ru/rent/flat/212798073/,Moskovskij,5,16000,ID 21949778,5,2
30,50,  Brat'ev Battalovyh,https://kazan.cian.ru/rent/flat/242178017/,Privolzhskij,7,14000,New-York,23,1
46,50, Okol'naja ,https://kazan.cian.ru/rent/flat/227847280/,Kirovskij,6,13000,ID 11425264,9,2
35,50,  Shamilja Usmanova,https://kazan.cian.ru/rent/flat/236532952/,Moskovskij,1,16000,Veronika Ermeeva,5,1
36,0,  Ajdarova,https://kazan.cian.ru/rent/flat/232778795/,Aviastroitel'nyj,8,13000,ID 13149698,9,1
35,50,  Maksimova,https://kazan.cian.ru/rent/flat/247758057/,Aviastroitel'nyj,5,16000,ID 62573152,10,1
47,0,  Shamilja Usmanova,https://kazan.cian.ru/rent/flat/247566814/,Moskovskij,4,16000,Sobstvennik,5,2
36,50,  Juliusa Fuchika,https://kazan.cian.ru/rent/flat/247430427/,Privolzhskij,2,16000,ID 61464525,10,1
35,50, Meridiannaja ,https://kazan.cian.ru/rent/flat/244337899/,Novo-Savinovskij,2,16000,ID 59539085,10,1
54,50,  Shamilja Usmanova,https://kazan.cian.ru/rent/flat/229035262/,Moskovskij,4,16000,ID 50593812,5,2
36,50, Minskaja ,https://kazan.cian.ru/rent/flat/247527234/,Sovetskij,2,16500,Tretij Rim,9,1
38,100,  2-ja Azinskaja,https://kazan.cian.ru/rent/flat/246638152/,Sovetskij,6,16500,Las Vegas,10,1
39,50,  Lipatova,https://kazan.cian.ru/rent/flat/246965175/,Sovetskij,4,13000,Poisk,9,1
33,50,  Akademika Parina,https://kazan.cian.ru/rent/flat/243455899/,Privolzhskij,3,14000,Poisk,5,1
37,50,  Noksinskij Spusk,https://kazan.cian.ru/rent/flat/247233952/,Sovetskij,4,13000,Poisk,10,1
37,50, Revoljutsionnaja ,https://kazan.cian.ru/rent/flat/247242146/,Kirovskij,13,13000,Poisk,14,1
55,50,  Riharda Zorge,https://kazan.cian.ru/rent/flat/247955163/,Privolzhskij,7,14000,ID 16121519,9,2
31,50,  Azata Abbasova,https://kazan.cian.ru/rent/flat/246780342/,Sovetskij,15,13000,Poisk,19,1
40,50,  Marshala Chujkova,https://kazan.cian.ru/rent/flat/247699403/,Novo-Savinovskij,7,14000,Artur Garifullin,9,1
36,50, Minskaja ,https://kazan.cian.ru/rent/flat/247522536/,Sovetskij,2,14000,HAWAII,9,1
57,50,  Chapaeva,https://kazan.cian.ru/rent/flat/247516946/,Aviastroitel'nyj,5,13000,ID 19482669,10,2
42,50, Aktajskaja ,https://kazan.cian.ru/rent/flat/245625998/,Privolzhskij,10,14000,HAWAII,16,1
45,50,  Polzunova,https://kazan.cian.ru/rent/flat/245814998/,Kirovskij,4,14000,HAWAII,6,1
48,50,  Adoratskogo,https://kazan.cian.ru/rent/flat/245829670/,Novo-Savinovskij,6,14000,HAWAII,9,1
48,50, prospekt Ibragimova,https://kazan.cian.ru/rent/flat/245834318/,Moskovskij,4,14000,HAWAII,5,1
32,50,  Latyshskih Strelkov,https://kazan.cian.ru/rent/flat/245560862/,Sovetskij,4,14000,ID 12958547,5,1
30,50,  Nursultana Nazarbaeva,https://kazan.cian.ru/rent/flat/247074116/,Vahitovskij,2,13000,Oleg Kir'janov,5,1
49,50, prospekt Pobedy,https://kazan.cian.ru/rent/flat/246922070/,Privolzhskij,7,15000,HAWAII,9,2
40,50, Kolomenskaja ,https://kazan.cian.ru/rent/flat/246872417/,Moskovskij,4,15000,Poisk,5,1
32,50,  Chetaeva,https://kazan.cian.ru/rent/flat/246864210/,Novo-Savinovskij,5,14000,HAWAII,10,1
37,50,  Fikrjata Tabeeva,https://kazan.cian.ru/rent/flat/246856608/,Sovetskij,4,14000,HAWAII,10,1
35,50,  Adoratskogo,https://kazan.cian.ru/rent/flat/246855642/,Novo-Savinovskij,3,14000,HAWAII,9,1
30,50, Avangardnaja ,https://kazan.cian.ru/rent/flat/240921297/,Privolzhskij,2,15000,AN Gavaji,5,1
33,50, Tetsevskaja ,https://kazan.cian.ru/rent/flat/240887704/,Aviastroitel'nyj,5,15000,AN Gavaji,10,1
53,50,  Tynych,https://kazan.cian.ru/rent/flat/241790745/,Sovetskij,9,16500,AN Gavaji,18,2
54,50,  Juliusa Fuchika,https://kazan.cian.ru/rent/flat/242459070/,Privolzhskij,2,14000,Oleg Kir'janov,9,2
29,50,  Dezhneva,https://kazan.cian.ru/rent/flat/244326468/,Kirovskij,2,16500,Marat Burganov,5,1
37,50,  Cheljuskina,https://kazan.cian.ru/rent/flat/242973194/,Aviastroitel'nyj,1,14500,ID 48629108,5,1
38,50, Minskaja ,https://kazan.cian.ru/rent/flat/242765728/,Sovetskij,7,15000,ID 30609735,17,1
36,50,  Chetaeva,https://kazan.cian.ru/rent/flat/240445158/,Novo-Savinovskij,5,15000,ID 9882706,10,1
37,50, Gorsovetskaja ,https://kazan.cian.ru/rent/flat/239776656/,Kirovskij,4,16500,ID 48629108,14,1
29,50, Tetsevskaja ,https://kazan.cian.ru/rent/flat/237083376/,Aviastroitel'nyj,4,15000,ID 11194009,12,1
40,100,  Nigmatullina,https://kazan.cian.ru/rent/flat/246053716/,Novo-Savinovskij,9,17000,Las Vegas,10,1
63,50, Minskaja ,https://kazan.cian.ru/rent/flat/243444525/,Sovetskij,1,17000,Tretij Rim,9,3
40,100,  Rauisa Gareeva,https://kazan.cian.ru/rent/flat/246579335/,Privolzhskij,13,17000,Las Vegas,14,1
35,100,  Fatyha Amirhana,https://kazan.cian.ru/rent/flat/247084002/,Novo-Savinovskij,3,17000,Las Vegas,10,1
53,50,  Akademika Zavojskogo,https://kazan.cian.ru/rent/flat/240037026/,Privolzhskij,6,17000,ID 12865930,9,2
59,50,  Vishnevskogo,https://kazan.cian.ru/rent/flat/240413922/,Vahitovskij,8,14000,ID 12865930,9,2
51,50,  3-ja Klenovaja,https://kazan.cian.ru/rent/flat/243479394/,Sovetskij,5,14000,ID 12865930,5,2
42,100,  Fikrjata Tabeeva,https://kazan.cian.ru/rent/flat/246708769/,Sovetskij,3,17000,Las Vegas,10,1
32,100, prospekt Al'berta Kamaleeva,https://kazan.cian.ru/rent/flat/246952455/,Sovetskij,7,17000,Las Vegas,18,1
47,100,  Tatarstan,https://kazan.cian.ru/rent/flat/244078653/,Vahitovskij,4,17000,Las Vegas,9,2
30,100,  Zur Uram,https://kazan.cian.ru/rent/flat/244905905/,Sovetskij,5,17000,Las Vegas,18,1
50,100,  2-ja Azinskaja,https://kazan.cian.ru/rent/flat/244986621/,Sovetskij,7,17000,Las Vegas,10,1
40,100, prospekt Pobedy,https://kazan.cian.ru/rent/flat/244398594/,Sovetskij,8,17000,Las Vegas,16,1
46,100,  Hajdara Bigicheva,https://kazan.cian.ru/rent/flat/247553893/,Sovetskij,8,17000,Las Vegas,16,1
43,100, Verbnaja ,https://kazan.cian.ru/rent/flat/247553891/,Sovetskij,13,17000,Las Vegas,24,1
44,50, Shossejnaja ,https://kazan.cian.ru/rent/flat/246702490/,Kirovskij,4,14000,ID 12865930,5,2
48,50,  Korolenko,https://kazan.cian.ru/rent/flat/247333071/,Novo-Savinovskij,4,17000,ID 12865930,5,2
35,50,  Noksinskij Spusk,https://kazan.cian.ru/rent/flat/247548285/,Sovetskij,8,15000,ID 12865930,10,1
45,50,  Bondarenko,https://kazan.cian.ru/rent/flat/247980230/,Moskovskij,4,17000,ID 12865930,5,2
72,50, Minskaja ,https://kazan.cian.ru/rent/flat/243600459/,Sovetskij,7,17000,Tretij Rim,14,2
52,0, Voennyj gorodok-2 ter.,https://kazan.cian.ru/rent/flat/243352734/,Privolzhskij,3,17000,Tretij Rim,3,2
80,50,  Akademika Gubkina,https://kazan.cian.ru/rent/flat/243641309/,Sovetskij,1,17000,Tretij Rim,2,3
42,50,  Rauisa Gareeva,https://kazan.cian.ru/rent/flat/243819053/,Privolzhskij,4,17000,Tretij Rim,9,2
49,50,  Adelja Kutuja,https://kazan.cian.ru/rent/flat/243440584/,Sovetskij,5,17000,Tretij Rim,10,2
45,50, Volgogradskaja ,https://kazan.cian.ru/rent/flat/246141526/,Moskovskij,3,17000,Tretij Rim,5,2
42,50,  Zakieva,https://kazan.cian.ru/rent/flat/243949993/,Sovetskij,7,17000,Tretij Rim,9,2
32,50,  Marshala Chujkova,https://kazan.cian.ru/rent/flat/243808707/,Novo-Savinovskij,6,17000,Tretij Rim,9,1
20,100, Komsomol'skaja ,https://kazan.cian.ru/rent/flat/247170261/,Kirovskij,12,17000,Las Vegas,24,1
43,50,  Zarja,https://kazan.cian.ru/rent/flat/243949994/,Sovetskij,3,17000,Tretij Rim,5,2
32,50,  Rauisa Gareeva,https://kazan.cian.ru/rent/flat/243910475/,Privolzhskij,5,17000,Tretij Rim,9,1
42,100, prospekt Jamasheva,https://kazan.cian.ru/rent/flat/247170253/,Novo-Savinovskij,7,17000,Las Vegas,12,1
44,100, Otradnaja ,https://kazan.cian.ru/rent/flat/247170270/,Sovetskij,7,17000,Las Vegas,9,1
60,50,  Chetaeva,https://kazan.cian.ru/rent/flat/243444532/,Novo-Savinovskij,3,17000,Tretij Rim,10,3
36,50, prospekt Jamasheva,https://kazan.cian.ru/rent/flat/242943908/,Moskovskij,3,17000,Tretij Rim,5,1
45,100,  Kul Gali,https://kazan.cian.ru/rent/flat/247649811/,Privolzhskij,4,17000,ID 33289805,10,1
54,50,  Dubravnaja,https://kazan.cian.ru/rent/flat/243229483/,Privolzhskij,6,17000,Tretij Rim,9,2
55,50,  Kurchatova,https://kazan.cian.ru/rent/flat/243604091/,Sovetskij,3,17000,Tretij Rim,5,3
64,50,  Andreja Ado,https://kazan.cian.ru/rent/flat/243239938/,Privolzhskij,14,17000,Tretij Rim,17,2
43,50,  Pavljuhina,https://kazan.cian.ru/rent/flat/243819043/,Privolzhskij,14,17000,Tretij Rim,19,1
42,50,  Baki Urmanche,https://kazan.cian.ru/rent/flat/243736029/,Privolzhskij,13,17000,Tretij Rim,23,2
58,50,  Iskra,https://kazan.cian.ru/rent/flat/247750579/,Sovetskij,3,17000,Tretij Rim,4,2
56,50,  Akademika Koroleva,https://kazan.cian.ru/rent/flat/242862828/,Moskovskij,4,17000,Tretij Rim,5,2
50,100,  Dubravnaja,https://kazan.cian.ru/rent/flat/246657038/,Privolzhskij,7,17000,Las Vegas,12,1
36,50,  Juliusa Fuchika,https://kazan.cian.ru/rent/flat/244715938/,Sovetskij,6,15000,ID 12865930,9,1
45,100, Professora Kamaja ,https://kazan.cian.ru/rent/flat/247271241/,Privolzhskij,14,17000,Las Vegas,15,1
40,100, prospekt Pobedy,https://kazan.cian.ru/rent/flat/247134274/,Sovetskij,16,17000,Las Vegas,18,1
44,100, Verbnaja ,https://kazan.cian.ru/rent/flat/247616604/,Sovetskij,2,17000,Las Vegas,24,1
36,50,  Chetaeva,https://kazan.cian.ru/rent/flat/239175798/,Novo-Savinovskij,9,17000,MEGALIT,10,1
35,50,  Adoratskogo,https://kazan.cian.ru/rent/flat/247935556/,Novo-Savinovskij,6,17000,ID 12865930,9,1
46,100, Sibirskij trakt,https://kazan.cian.ru/rent/flat/246072850/,Sovetskij,6,17000,ID 33289805,24,1
27,100, proezd Junusa Ahmetzjanova,https://kazan.cian.ru/rent/flat/246881329/,Sovetskij,18,17000,Las Vegas,19,1
43,100,  Fatyha Amirhana,https://kazan.cian.ru/rent/flat/247457940/,Novo-Savinovskij,7,17000,Las Vegas,14,1
44,100,  Dubravnaja,https://kazan.cian.ru/rent/flat/245038925/,Privolzhskij,3,17000,Las Vegas,16,1
45,50,  Akademika Glushko,https://kazan.cian.ru/rent/flat/223581798/,Sovetskij,3,14000,MEGALIT,10,1
38,50,  Kul Gali,https://kazan.cian.ru/rent/flat/243787047/,Privolzhskij,8,15000,Poisk,10,1
45,50,  Saliha Batyeva,https://kazan.cian.ru/rent/flat/232770050/,Privolzhskij,8,17000,ID 16413953,10,1
56,50,  Akademika Saharova,https://kazan.cian.ru/rent/flat/226087865/,Sovetskij,5,15000,ID 16413953,9,2
33,50, Botanicheskaja ,https://kazan.cian.ru/rent/flat/230225083/,Privolzhskij,4,17000,Ramazan,5,1
36,50,  Marshala Chujkova,https://kazan.cian.ru/rent/flat/222078375/,Novo-Savinovskij,6,15000,ID 16121519,9,1
44,50, Chistopol'skaja ,https://kazan.cian.ru/rent/flat/244677907/,Novo-Savinovskij,6,14000,Poisk,9,1
32,50,  Rauisa Gareeva,https://kazan.cian.ru/rent/flat/244064017/,Privolzhskij,2,14500,Poisk,19,1
33,50,  Marshala Chujkova,https://kazan.cian.ru/rent/flat/243379037/,Novo-Savinovskij,14,15000,Poisk,14,1
35,50, prospekt Pobedy,https://kazan.cian.ru/rent/flat/246596818/,Privolzhskij,4,17000,Poisk,9,1
50,50,  Syrtlanovoj,https://kazan.cian.ru/rent/flat/247762465/,Privolzhskij,3,14000,ID 12966620,5,2
31,50,  Brat'ev Battalovyh,https://kazan.cian.ru/rent/flat/247750545/,Privolzhskij,18,14000,Poisk,23,1
38,50,  Serova,https://kazan.cian.ru/rent/flat/247620612/,Kirovskij,7,17000,ID 11425264,10,1
36,50,  Adoratskogo,https://kazan.cian.ru/rent/flat/247604022/,Novo-Savinovskij,3,14000,Lilija Murtazina,9,1
34,50,  Adoratskogo,https://kazan.cian.ru/rent/flat/243162635/,Novo-Savinovskij,1,17000,HAWAII,9,1
70,50,  Nailja Jusupova,https://kazan.cian.ru/rent/flat/244502489/,Kirovskij,10,13000,HAWAII,18,3
39,50,  Maksimova,https://kazan.cian.ru/rent/flat/245324139/,Aviastroitel'nyj,3,15000,HAWAII,5,1
42,50,  Latyshskih Strelkov,https://kazan.cian.ru/rent/flat/245522252/,Sovetskij,3,15000,HAWAII,5,1
65,50,  Cheljuskina,https://kazan.cian.ru/rent/flat/247026136/,Aviastroitel'nyj,6,14500,HAWAII,10,3
36,50,  Akademika Saharova,https://kazan.cian.ru/rent/flat/246967999/,Sovetskij,8,14000,ID 17754089,16,1
45,0,  Akademika Zavojskogo,https://kazan.cian.ru/rent/flat/246779745/,Sovetskij,3,14000,ID 46097728,10,1
38,50,  Rauisa Gareeva,https://kazan.cian.ru/rent/flat/246599329/,Privolzhskij,2,15000,New-York,9,1
42,50,  Saliha Batyeva,https://kazan.cian.ru/rent/flat/245998969/,Privolzhskij,8,14000,Marat Burganov,10,1
38,50,  Nursultana Nazarbaeva,https://kazan.cian.ru/rent/flat/245998318/,Vahitovskij,2,17000,Marat Burganov,5,2
40,50,  Arhitektora Gajnutdinova,https://kazan.cian.ru/rent/flat/245936144/,Sovetskij,10,15000,Marat Burganov,15,1
38,50,  Adoratskogo,https://kazan.cian.ru/rent/flat/245927496/,Novo-Savinovskij,7,15000,Marat Burganov,9,1
42,50, Minskaja ,https://kazan.cian.ru/rent/flat/245924719/,Sovetskij,8,14000,Marat Burganov,16,1
39,50,  Zakieva,https://kazan.cian.ru/rent/flat/245918279/,Sovetskij,1,15000,Marat Burganov,9,1
45,50,  Azata Abbasova,https://kazan.cian.ru/rent/flat/245905184/,Sovetskij,6,14000,Marat Burganov,10,1
52,50,  Akademika Lavrent'eva,https://kazan.cian.ru/rent/flat/245801244/,Novo-Savinovskij,8,17000,ID 12205145,9,2
45,50, prospekt Ibragimova,https://kazan.cian.ru/rent/flat/240175262/,Moskovskij,2,17000,Oleg Kir'janov,5,2
45,50,  Brat'ev Kasimovyh,https://kazan.cian.ru/rent/flat/240937419/,Privolzhskij,3,15000,Oleg Kir'janov,5,2
54,50,  Juliusa Fuchika,https://kazan.cian.ru/rent/flat/242326989/,Privolzhskij,8,14000,ID 27929275,9,2
38,50,  Brat'ev Battalovyh,https://kazan.cian.ru/rent/flat/240446100/,Privolzhskij,4,15000,New-York,9,1
41,50,  Rauisa Gareeva,https://kazan.cian.ru/rent/flat/239041822/,Privolzhskij,11,15000,New-York,14,1
43,50, prospekt Jamasheva,https://kazan.cian.ru/rent/flat/239608427/,Novo-Savinovskij,8,17000,ID 48629108,9,1
50,40,  Batyrshina,https://kazan.cian.ru/rent/flat/223728184/,Moskovskij,3,15000,ID 19482669,10,1
